grid_lat,grid_lon,coverage_type,total_rss_num,mw_rss_num,sub6_rss_num,lte_rss_num
39.761,-86.1675,T111,46666,16576,1546,28544
39.761,-86.167,T111,18281,760,1114,16407
39.761,-86.1665,T011,117,0,2,115
39.761,-86.1655,T111,53045,5809,683,46553
39.761,-86.165,T111,1853,575,4,1274
39.761,-86.1645,T011,7,0,7,0
39.761,-86.164,T111,87,11,1,75
39.761,-86.163,T001,580,0,0,580
39.761,-86.1625,T111,1717,29,83,1605
39.761,-86.162,T111,17649,209,332,17108
39.761,-86.1615,T111,28066,6188,99,21779
39.761,-86.161,T111,8058,1117,32,6909
39.761,-86.1605,T111,7702,2182,30,5490
39.761,-86.16,T111,69620,13222,620,55778
39.761,-86.1595,T111,8325,1994,137,6194
39.761,-86.159,T111,7044,1491,82,5471
39.761,-86.1585,T111,16106,3369,118,12619
39.761,-86.158,T111,22346,4636,266,17444
39.761,-86.1575,T111,16908,860,1004,15044
39.761,-86.157,T111,4664,972,188,3504
39.761,-86.1565,T111,8288,2079,253,5956
39.761,-86.156,T111,17573,5304,665,11604
39.761,-86.1555,T111,7149,2242,162,4745
39.761,-86.155,T111,12588,4032,181,8375
39.761,-86.1545,T111,16875,5108,668,11099
39.761,-86.154,T111,11459,3192,197,8070
39.761,-86.1535,T111,3244,393,158,2693
39.761,-86.153,T111,2874,420,158,2296
39.761,-86.1525,T111,4946,843,144,3959
39.761,-86.152,T111,2274,240,156,1878
39.761,-86.1515,T111,2026,163,198,1665
39.761,-86.151,T111,2743,172,190,2381
39.761,-86.1505,T111,4961,66,393,4502
39.761,-86.15,T111,2663,5,199,2459
39.761,-86.1495,T111,9489,3,829,8657
39.761,-86.149,T111,14972,3,659,14310
39.761,-86.1485,T111,1109,1,44,1064
39.761,-86.148,T111,1194,3,31,1160
39.761,-86.1475,T011,1386,0,33,1353
39.761,-86.147,T111,1636,2,34,1600
39.761,-86.1465,T011,1298,0,37,1261
39.761,-86.146,T011,2414,0,70,2344
39.761,-86.1455,T011,2825,0,121,2704
39.7615,-86.1675,T111,581,76,36,469
39.7615,-86.167,T111,63376,1339,3782,58255
39.7615,-86.1665,T111,32418,300,1163,30955
39.7615,-86.166,T111,14598,165,445,13988
39.7615,-86.1655,T111,32238,1075,1220,29943
39.7615,-86.165,T111,30696,1550,948,28198
39.7615,-86.1645,T111,9985,271,238,9476
39.7615,-86.164,T111,85613,985,12744,71884
39.7615,-86.1635,T111,10993,118,179,10696
39.7615,-86.163,T111,31720,127,422,31171
39.7615,-86.1625,T111,6279,112,135,6032
39.7615,-86.162,T111,13591,1764,128,11699
39.7615,-86.1615,T111,66100,15619,157,50324
39.7615,-86.161,T111,41117,6913,517,33687
39.7615,-86.1605,T111,17927,5671,180,12076
39.7615,-86.16,T111,27942,7489,212,20241
39.7615,-86.1595,T111,17066,6622,10,10434
39.7615,-86.159,T111,1479,450,1,1028
39.7615,-86.1585,T111,317,36,0,281
39.7615,-86.158,T111,20227,545,521,19161
39.7615,-86.1575,T111,3391,158,175,3058
39.7615,-86.157,T101,125,51,0,74
39.7615,-86.1565,T111,3919,504,40,3375
39.7615,-86.156,T111,5595,655,0,4940
39.7615,-86.1545,T101,2917,1083,0,1834
39.7615,-86.154,T001,52,0,0,52
39.7615,-86.1535,T001,20,0,0,20
39.7615,-86.1525,T111,667,22,4,641
39.7615,-86.151,T001,254,0,0,254
39.7615,-86.15,T111,744,1,15,728
39.7615,-86.1495,T111,3429,1,45,3383
39.7615,-86.149,T111,25875,1,1812,24062
39.7615,-86.1455,T011,1790,0,128,1662
39.762,-86.167,T111,3321,2,120,3199
39.762,-86.1655,T111,3099,7,86,3006
39.762,-86.1635,T011,1,0,1,0
39.762,-86.163,T011,3,0,0,3
39.762,-86.162,T101,260,42,0,218
39.762,-86.1615,T111,11550,1487,42,10021
39.762,-86.16,T111,5667,364,38,5265
39.762,-86.158,T111,8005,153,70,7782
39.762,-86.1565,T111,3048,245,2,2801
39.762,-86.156,T101,2381,266,0,2115
39.762,-86.1545,T111,3361,551,3,2807
39.762,-86.1525,T001,276,0,0,276
39.762,-86.151,T001,268,0,0,268
39.762,-86.1505,T011,1282,0,29,1253
39.762,-86.15,T011,1129,0,29,1100
39.762,-86.149,T111,4197,1,183,4013
39.762,-86.1455,T011,1896,0,182,1714
39.7625,-86.167,T011,2051,0,82,1969
39.7625,-86.1665,T011,5,0,1,4
39.7625,-86.166,T011,203,0,4,199
39.7625,-86.1655,T111,8474,6,1560,6908
39.7625,-86.1625,T011,1,0,1,0
39.7625,-86.1615,T111,5313,1303,28,3982
39.7625,-86.1605,T101,75,42,0,33
39.7625,-86.16,T111,20298,80,57,20161
39.7625,-86.1595,T001,621,0,0,621
39.7625,-86.1585,T001,365,0,0,365
39.7625,-86.158,T111,10046,241,92,9713
39.7625,-86.1575,T001,88,0,0,88
39.7625,-86.1565,T101,1223,441,0,782
39.7625,-86.156,T101,1723,589,0,1134
39.7625,-86.1545,T101,3638,794,0,2844
39.7625,-86.1525,T001,457,0,0,457
39.7625,-86.152,T001,212,0,0,212
39.7625,-86.1515,T001,216,0,0,216
39.7625,-86.151,T111,2546,2,45,2499
39.7625,-86.1505,T111,784,1,26,757
39.7625,-86.149,T111,3614,4,258,3352
39.7625,-86.1455,T011,1391,0,258,1133
39.763,-86.167,T111,2421,5,66,2350
39.763,-86.1665,T011,14,0,1,13
39.763,-86.166,T011,5239,0,62,5177
39.763,-86.1655,T011,384,0,1,383
39.763,-86.162,T011,1,0,1,0
39.763,-86.1615,T111,5631,1362,63,4206
39.763,-86.16,T111,10263,66,55,10142
39.763,-86.1595,T001,285,0,0,285
39.763,-86.1585,T001,113,0,0,113
39.763,-86.158,T111,10371,539,314,9518
39.763,-86.1565,T111,170,36,1,133
39.763,-86.156,T111,2684,969,4,1711
39.763,-86.1545,T101,2592,381,0,2211
39.763,-86.152,T011,116,0,1,115
39.763,-86.1515,T111,1782,3,44,1735
39.763,-86.151,T011,307,0,17,290
39.763,-86.149,T111,3305,1,239,3065
39.763,-86.1455,T011,1215,0,262,953
39.7635,-86.167,T111,2695,6,88,2601
39.7635,-86.1665,T011,4275,0,58,4217
39.7635,-86.166,T011,950,0,16,934
39.7635,-86.1615,T111,5219,1810,18,3391
39.7635,-86.161,T011,1,0,1,0
39.7635,-86.16,T111,6282,253,94,5935
39.7635,-86.1595,T011,153,0,6,147
39.7635,-86.158,T111,8183,1432,205,6546
39.7635,-86.1565,T001,22,0,0,22
39.7635,-86.156,T111,3907,1333,88,2486
39.7635,-86.1545,T111,3271,252,37,2982
39.7635,-86.154,T001,4,0,0,4
39.7635,-86.1525,T111,309,1,12,296
39.7635,-86.152,T111,865,1,46,818
39.7635,-86.1515,T011,33,0,2,31
39.7635,-86.149,T111,3617,18,293,3306
39.7635,-86.1455,T011,1331,0,305,1026
39.764,-86.167,T111,17753,56,265,17432
39.764,-86.1665,T111,2569,2,23,2544
39.764,-86.1655,T011,4,0,2,2
39.764,-86.1615,T111,21013,7709,43,13261
39.764,-86.161,T111,2722,339,36,2347
39.764,-86.1605,T111,1511,292,1,1218
39.764,-86.16,T111,8736,2115,26,6595
39.764,-86.1595,T111,13525,2221,4,11300
39.764,-86.159,T111,1766,251,0,1515
39.764,-86.1585,T101,2031,544,0,1487
39.764,-86.158,T111,17439,5084,722,11633
39.764,-86.1575,T111,5077,1236,485,3356
39.764,-86.157,T111,2798,331,140,2327
39.764,-86.1565,T111,4883,932,236,3715
39.764,-86.156,T111,10779,3054,392,7333
39.764,-86.1545,T111,4699,12,171,4516
39.764,-86.154,T001,72,0,0,72
39.764,-86.1535,T001,68,0,0,68
39.764,-86.153,T111,688,9,16,663
39.764,-86.1525,T111,3010,4,107,2899
39.764,-86.152,T001,13,0,0,13
39.764,-86.149,T111,8865,121,296,8448
39.764,-86.1455,T011,1314,0,275,1039
39.7645,-86.167,T111,2805,2,29,2774
39.7645,-86.1665,T111,16,1,0,15
39.7645,-86.1655,T011,6,0,4,2
39.7645,-86.1615,T111,7673,1605,135,5933
39.7645,-86.16,T101,3238,818,0,2420
39.7645,-86.1595,T111,1681,225,1,1455
39.7645,-86.159,T111,8,0,0,8
39.7645,-86.158,T111,4949,933,203,3813
39.7645,-86.1565,T111,3052,1190,26,1836
39.7645,-86.156,T111,12334,2656,394,9284
39.7645,-86.1545,T111,11179,1681,322,9176
39.7645,-86.154,T101,187,17,0,170
39.7645,-86.1535,T111,318,2,31,285
39.7645,-86.153,T111,252,0,19,233
39.7645,-86.1525,T101,2285,1,0,2284
39.7645,-86.152,T001,17,0,0,17
39.7645,-86.149,T111,3017,146,205,2666
39.7645,-86.1455,T011,1552,0,395,1157
39.765,-86.167,T111,7654,33,25,7596
39.765,-86.1665,T111,620,1,1,618
39.765,-86.1655,T001,2,0,0,2
39.765,-86.165,T011,5,0,2,3
39.765,-86.1615,T111,7417,466,101,6850
39.765,-86.16,T111,2822,590,19,2213
39.765,-86.1595,T111,7636,1336,90,6210
39.765,-86.159,T111,154,0,0,154
39.765,-86.1585,T011,1,0,1,0
39.765,-86.158,T111,8210,302,332,7576
39.765,-86.1565,T001,142,0,0,142
39.765,-86.156,T111,9048,2769,256,6023
39.765,-86.1555,T101,233,21,0,212
39.765,-86.155,T001,63,0,0,63
39.765,-86.1545,T111,10373,2452,88,7833
39.765,-86.154,T111,3154,407,19,2728
39.765,-86.1535,T111,1090,115,30,945
39.765,-86.153,T111,1112,24,4,1084
39.765,-86.1525,T111,2692,24,12,2656
39.765,-86.152,T001,11,0,0,11
39.765,-86.149,T111,2110,88,137,1885
39.765,-86.1455,T011,1689,0,393,1296
39.7655,-86.1675,T011,1959,0,41,1918
39.7655,-86.167,T111,6555,102,92,6361
39.7655,-86.1665,T111,2505,50,68,2387
39.7655,-86.166,T111,1424,13,47,1364
39.7655,-86.1655,T111,2490,7,34,2449
39.7655,-86.165,T011,1432,0,44,1388
39.7655,-86.1645,T011,1181,0,15,1166
39.7655,-86.164,T001,1576,0,0,1576
39.7655,-86.1635,T101,2092,1,0,2091
39.7655,-86.163,T111,2578,1,54,2523
39.7655,-86.1625,T111,2487,2,74,2411
39.7655,-86.162,T111,6252,125,91,6036
39.7655,-86.1615,T111,41911,1086,2868,37957
39.7655,-86.161,T111,83698,2150,1505,80043
39.7655,-86.1605,T111,14005,3482,1356,9167
39.7655,-86.16,T111,55086,7601,9901,37584
39.7655,-86.1595,T111,14825,4604,560,9661
39.7655,-86.159,T111,4345,1155,170,3020
39.7655,-86.1585,T111,6336,1380,474,4482
39.7655,-86.158,T111,24587,1684,2414,20489
39.7655,-86.1575,T111,8400,609,273,7518
39.7655,-86.157,T111,6552,1165,255,5132
39.7655,-86.1565,T111,19267,6893,315,12059
39.7655,-86.156,T111,28592,11634,396,16562
39.7655,-86.1555,T111,7072,2484,83,4505
39.7655,-86.155,T111,10400,2314,315,7771
39.7655,-86.1545,T111,42695,11041,524,31130
39.7655,-86.154,T111,3545,829,213,2503
39.7655,-86.1535,T111,2725,492,183,2050
39.7655,-86.153,T111,3170,458,130,2582
39.7655,-86.1525,T111,46610,3770,383,42457
39.7655,-86.152,T111,7540,145,243,7152
39.7655,-86.1515,T001,4,0,0,4
39.7655,-86.149,T111,2857,118,258,2481
39.7655,-86.1455,T011,1624,0,422,1202
39.766,-86.1675,T001,26,0,0,26
39.766,-86.167,T111,15630,888,96,14646
39.766,-86.1665,T001,62,0,0,62
39.766,-86.166,T001,2,0,0,2
39.766,-86.1655,T001,11,0,0,11
39.766,-86.165,T001,256,0,0,256
39.766,-86.1645,T001,66,0,0,66
39.766,-86.164,T001,5,0,0,5
39.766,-86.163,T001,413,0,0,413
39.766,-86.1625,T001,207,0,0,207
39.766,-86.1615,T111,21057,146,1408,19503
39.766,-86.161,T011,342,0,86,256
39.766,-86.16,T111,6971,3449,22,3500
39.766,-86.1595,T111,18377,5643,62,12672
39.766,-86.159,T101,17,4,0,13
39.766,-86.158,T111,7295,463,563,6269
39.766,-86.1575,T011,130,0,2,128
39.766,-86.157,T011,1,0,1,0
39.766,-86.1565,T011,1,0,1,0
39.766,-86.156,T111,18954,7839,120,10995
39.766,-86.1545,T111,45609,9760,48,35801
39.766,-86.154,T101,332,32,0,300
39.766,-86.1525,T111,11163,2143,42,8978
39.766,-86.152,T111,790,16,20,754
39.766,-86.1515,T111,6467,432,190,5845
39.766,-86.151,T111,112,11,2,99
39.766,-86.149,T111,4454,230,220,4004
39.766,-86.1455,T011,1707,0,442,1265
39.7665,-86.1675,T001,4,0,0,4
39.7665,-86.167,T111,4934,1029,9,3896
39.7665,-86.1665,T111,639,136,2,501
39.7665,-86.166,T101,15,3,0,12
39.7665,-86.1655,T001,2,0,0,2
39.7665,-86.165,T101,322,2,0,320
39.7665,-86.1645,T001,2,0,0,2
39.7665,-86.164,T011,62,0,2,60
39.7665,-86.1635,T101,1212,10,0,1202
39.7665,-86.163,T001,48,0,0,48
39.7665,-86.1625,T001,124,0,0,124
39.7665,-86.162,T001,24,0,0,24
39.7665,-86.1615,T111,24680,2110,626,21944
39.7665,-86.161,T111,227,116,3,108
39.7665,-86.1605,T101,249,133,0,116
39.7665,-86.16,T111,16270,7034,24,9212
39.7665,-86.1595,T111,80684,30440,370,49874
39.7665,-86.159,T111,2804,97,0,2707
39.7665,-86.1585,T111,2285,72,4,2209
39.7665,-86.158,T111,18976,655,975,17346
39.7665,-86.1575,T111,16327,465,3476,12386
39.7665,-86.157,T111,4835,312,171,4352
39.7665,-86.1565,T111,4578,286,34,4258
39.7665,-86.156,T111,25693,7627,870,17196
39.7665,-86.1555,T111,8334,2418,23,5893
39.7665,-86.155,T111,4202,825,161,3216
39.7665,-86.1545,T111,50170,12373,821,36976
39.7665,-86.154,T111,13270,4742,6,8522
39.7665,-86.1535,T111,15530,6818,13,8699
39.7665,-86.153,T111,17862,7211,15,10636
39.7665,-86.1525,T111,36113,14828,2,21283
39.7665,-86.152,T101,6848,3050,0,3798
39.7665,-86.1515,T111,11885,4857,71,6957
39.7665,-86.151,T111,34067,15960,253,17854
39.7665,-86.1505,T111,28928,8324,1053,19551
39.7665,-86.15,T111,18428,3423,2477,12528
39.7665,-86.1495,T111,11568,1563,1637,8368
39.7665,-86.149,T111,27371,2744,3982,20645
39.7665,-86.1485,T111,11456,3049,980,7427
39.7665,-86.148,T111,1872,148,306,1418
39.7665,-86.1475,T111,2024,22,332,1670
39.7665,-86.147,T111,2085,1,282,1802
39.7665,-86.1465,T111,1828,6,268,1554
39.7665,-86.146,T111,2063,8,272,1783
39.7665,-86.1455,T111,12590,8,2495,10087
39.7665,-86.145,T011,1744,0,484,1260
39.767,-86.1675,T111,4435,2756,1,1678
39.767,-86.167,T111,9026,2594,4,6428
39.767,-86.1665,T111,16445,6816,41,9588
39.767,-86.166,T111,6354,2694,3,3657
39.767,-86.1655,T111,4693,1556,1,3136
39.767,-86.165,T111,13665,3724,280,9661
39.767,-86.1645,T111,8799,1766,411,6622
39.767,-86.164,T111,32731,900,168,31663
39.767,-86.1635,T111,7529,518,219,6792
39.767,-86.163,T111,11736,668,205,10863
39.767,-86.1625,T111,10834,730,149,9955
39.767,-86.162,T111,18509,2626,400,15483
39.767,-86.1615,T111,92155,24951,272,66932
39.767,-86.161,T111,28171,12418,87,15666
39.767,-86.1605,T111,11150,3052,100,7998
39.767,-86.16,T111,42515,7233,402,34880
39.767,-86.1595,T111,118183,8347,3140,106696
39.767,-86.159,T111,70232,1782,3142,65308
39.767,-86.1585,T111,35244,1681,481,33082
39.767,-86.158,T111,95796,5959,2970,86867
39.767,-86.1575,T111,215665,3742,53033,158890
39.767,-86.157,T111,47485,2198,1390,43897
39.767,-86.1565,T111,54932,3831,635,50466
39.767,-86.156,T111,80595,18146,1549,60900
39.767,-86.1555,T111,25317,5982,313,19022
39.767,-86.155,T111,7546,1510,209,5827
39.767,-86.1545,T111,33644,9983,138,23523
39.767,-86.154,T111,86050,13752,5,72293
39.767,-86.1535,T111,15658,2532,5,13121
39.767,-86.153,T111,21292,4241,126,16925
39.767,-86.1525,T111,74155,13493,566,60096
39.767,-86.152,T111,1885,358,157,1370
39.767,-86.1515,T111,3321,2113,57,1151
39.767,-86.151,T111,297,119,19,159
39.767,-86.1505,T111,16583,4145,1464,10974
39.767,-86.15,T111,143,27,2,114
39.767,-86.1495,T101,18,0,0,18
39.767,-86.149,T111,8584,466,1950,6168
39.767,-86.1485,T111,2819,270,479,2070
39.767,-86.147,T001,273,0,0,273
39.767,-86.1455,T011,1596,0,330,1266
39.767,-86.145,T011,27,0,6,21
39.7675,-86.167,T111,1330,281,5,1044
39.7675,-86.1665,T111,5576,1527,15,4034
39.7675,-86.166,T001,28,0,0,28
39.7675,-86.1655,T001,17,0,0,17
39.7675,-86.163,T011,1445,0,226,1219
39.7675,-86.1625,T111,1752,2,240,1510
39.7675,-86.162,T111,1309,112,97,1100
39.7675,-86.1615,T111,33493,2664,44,30785
39.7675,-86.161,T011,3698,0,16,3682
39.7675,-86.1605,T001,20,0,0,20
39.7675,-86.16,T111,19211,648,4,18559
39.7675,-86.1595,T111,115445,1845,2432,111168
39.7675,-86.159,T111,1933,410,0,1523
39.7675,-86.1585,T111,1451,436,1,1014
39.7675,-86.158,T111,36450,1308,1836,33306
39.7675,-86.1575,T111,26931,514,2521,23896
39.7675,-86.157,T001,25,0,0,25
39.7675,-86.1565,T111,4563,5,5,4553
39.7675,-86.156,T111,46726,13836,257,32633
39.7675,-86.1555,T001,8,0,0,8
39.7675,-86.155,T001,9,0,0,9
39.7675,-86.1545,T101,4255,382,0,3873
39.7675,-86.154,T111,21752,2208,162,19382
39.7675,-86.1535,T001,1,0,0,1
39.7675,-86.1525,T111,24504,3806,315,20383
39.7675,-86.1505,T111,9967,2016,830,7121
39.7675,-86.149,T111,6134,46,1505,4583
39.7675,-86.1485,T111,893,1,186,706
39.7675,-86.147,T011,459,0,18,441
39.7675,-86.1455,T111,1163,1,230,932
39.768,-86.167,T101,1058,129,0,929
39.768,-86.1665,T111,5557,1664,3,3890
39.768,-86.163,T111,2443,1,277,2165
39.768,-86.162,T111,1029,11,441,577
39.768,-86.1615,T111,53296,8148,5817,39331
39.768,-86.161,T111,181,50,2,129
39.768,-86.1605,T101,41,2,0,39
39.768,-86.16,T111,19868,754,4,19110
39.768,-86.1595,T111,102224,2839,2198,97187
39.768,-86.159,T111,282,0,82,200
39.768,-86.1585,T111,28830,878,2850,25102
39.768,-86.158,T111,14039,121,1313,12605
39.768,-86.1575,T111,18588,357,1894,16337
39.768,-86.157,T111,26970,624,1491,24855
39.768,-86.1565,T111,1388,253,85,1050
39.768,-86.156,T111,143289,76211,766,66312
39.768,-86.1555,T111,765,45,97,623
39.768,-86.155,T011,1339,0,303,1036
39.768,-86.1545,T111,1302,80,32,1190
39.768,-86.154,T111,25868,1250,394,24224
39.768,-86.1535,T001,5,0,0,5
39.768,-86.1525,T111,26645,4849,97,21699
39.768,-86.152,T111,3359,276,129,2954
39.768,-86.1515,T111,1340,8,91,1241
39.768,-86.151,T011,1297,0,229,1068
39.768,-86.1505,T111,26368,4264,1980,20124
39.768,-86.15,T111,404,0,88,316
39.768,-86.1495,T011,270,0,61,209
39.768,-86.149,T111,13765,370,1846,11549
39.768,-86.1485,T111,13185,11,2125,11049
39.768,-86.148,T011,5663,0,775,4888
39.768,-86.1475,T011,3938,0,679,3259
39.768,-86.147,T011,3290,0,1102,2188
39.768,-86.1465,T011,3324,0,1008,2316
39.768,-86.146,T011,4479,0,1281,3198
39.768,-86.1455,T011,17741,0,2651,15090
39.7685,-86.167,T101,3633,1383,0,2250
39.7685,-86.1665,T101,4331,1295,0,3036
39.7685,-86.163,T111,3780,12,46,3722
39.7685,-86.162,T001,120,0,0,120
39.7685,-86.1615,T111,28404,4400,55,23949
39.7685,-86.161,T111,2006,642,20,1344
39.7685,-86.1605,T111,3466,559,235,2672
39.7685,-86.16,T111,12238,1032,282,10924
39.7685,-86.1595,T111,78786,6396,1932,70458
39.7685,-86.159,T111,2809,87,159,2563
39.7685,-86.1585,T111,25931,842,2079,23010
39.7685,-86.158,T111,9287,67,690,8530
39.7685,-86.1575,T111,14905,556,826,13523
39.7685,-86.157,T111,47198,1041,1327,44830
39.7685,-86.1565,T111,5429,774,441,4214
39.7685,-86.156,T111,70074,20710,471,48893
39.7685,-86.1555,T011,692,0,5,687
39.7685,-86.155,T011,357,0,8,349
39.7685,-86.1545,T101,263,33,0,230
39.7685,-86.154,T111,29881,1656,440,27785
39.7685,-86.153,T101,7,3,0,4
39.7685,-86.1525,T111,53282,7376,48,45858
39.7685,-86.152,T101,4,4,0,0
39.7685,-86.1505,T111,7971,2193,676,5102
39.7685,-86.149,T111,20261,40,2708,17513
39.7685,-86.1485,T111,13414,31,1580,11803
39.7685,-86.147,T011,229,0,119,110
39.7685,-86.1455,T111,3750,2,625,3123
39.769,-86.167,T101,840,190,0,650
39.769,-86.1665,T111,6106,1369,2,4735
39.769,-86.165,T101,8,6,0,2
39.769,-86.1645,T101,16,4,0,12
39.769,-86.163,T111,3229,26,18,3185
39.769,-86.1625,T001,55,0,0,55
39.769,-86.162,T001,46,0,0,46
39.769,-86.1615,T111,23076,4755,139,18182
39.769,-86.161,T111,1424,136,2,1286
39.769,-86.1605,T001,497,0,0,497
39.769,-86.16,T101,5021,228,0,4793
39.769,-86.1595,T111,56505,2601,986,52918
39.769,-86.159,T111,3023,440,0,2583
39.769,-86.1585,T111,2177,648,36,1493
39.769,-86.158,T111,40446,847,1756,37843
39.769,-86.1575,T111,49138,1141,1004,46993
39.769,-86.157,T101,1628,337,0,1291
39.769,-86.1565,T111,4016,595,102,3319
39.769,-86.156,T111,40599,9710,101,30788
39.769,-86.1555,T111,1688,396,226,1066
39.769,-86.1545,T111,360,3,19,338
39.769,-86.154,T111,37006,2355,462,34189
39.769,-86.1525,T111,22296,4917,11,17368
39.769,-86.152,T101,17,2,0,15
39.769,-86.1515,T001,16,0,0,16
39.769,-86.151,T001,3,0,0,3
39.769,-86.1505,T111,16353,1152,1964,13237
39.769,-86.149,T111,8267,6,1767,6494
39.769,-86.1485,T111,15881,4,3324,12553
39.769,-86.147,T011,146,0,97,49
39.769,-86.1455,T011,15315,0,2954,12361
39.769,-86.145,T011,48,0,26,22
39.7695,-86.167,T101,1547,454,0,1093
39.7695,-86.1665,T111,8941,1950,4,6987
39.7695,-86.1645,T101,128,9,0,119
39.7695,-86.164,T101,5050,774,0,4276
39.7695,-86.1635,T111,28822,3024,9,25789
39.7695,-86.163,T111,25252,2474,191,22587
39.7695,-86.1625,T111,18921,1110,161,17650
39.7695,-86.162,T111,17971,2010,280,15681
39.7695,-86.1615,T111,72880,20566,890,51424
39.7695,-86.161,T111,102146,14386,178,87582
39.7695,-86.1605,T111,26002,2620,25,23357
39.7695,-86.16,T111,69480,4022,460,64998
39.7695,-86.1595,T111,142635,7939,1036,133660
39.7695,-86.159,T111,45759,2118,282,43359
39.7695,-86.1585,T111,37891,2179,484,35228
39.7695,-86.158,T111,78653,6158,488,72007
39.7695,-86.1575,T111,64525,5585,609,58331
39.7695,-86.157,T111,27188,2388,95,24705
39.7695,-86.1565,T111,27185,3474,312,23399
39.7695,-86.156,T111,77179,21404,1883,53892
39.7695,-86.1555,T111,6789,2051,39,4699
39.7695,-86.155,T111,5556,1326,34,4196
39.7695,-86.1545,T111,12413,3226,215,8972
39.7695,-86.154,T111,60707,11048,141,49518
39.7695,-86.1535,T111,17181,2470,217,14494
39.7695,-86.153,T111,5560,379,629,4552
39.7695,-86.1525,T111,52639,15813,2994,33832
39.7695,-86.152,T111,37851,13347,2573,21931
39.7695,-86.1515,T111,12121,3668,1593,6860
39.7695,-86.151,T111,20287,4914,2210,13163
39.7695,-86.1505,T111,50870,2459,9228,39183
39.7695,-86.15,T111,1122,121,2,999
39.7695,-86.1495,T111,685,8,33,644
39.7695,-86.149,T111,18073,26,1063,16984
39.7695,-86.1485,T111,44891,33,10863,33995
39.7695,-86.148,T011,1652,0,765,887
39.7695,-86.1475,T011,1369,0,585,784
39.7695,-86.147,T011,1849,0,966,883
39.7695,-86.1465,T011,1601,0,422,1179
39.7695,-86.146,T011,1469,0,540,929
39.7695,-86.1455,T011,9300,0,2213,7087
39.7695,-86.145,T011,503,0,6,497
39.77,-86.167,T101,2682,405,0,2277
39.77,-86.1665,T101,8516,2235,0,6281
39.77,-86.166,T111,2732,571,20,2141
39.77,-86.1655,T111,2359,213,23,2123
39.77,-86.165,T111,2764,127,4,2633
39.77,-86.1645,T101,6086,1144,0,4942
39.77,-86.164,T111,18525,2668,63,15794
39.77,-86.1635,T111,28266,8560,55,19651
39.77,-86.163,T111,64510,18486,1576,44448
39.77,-86.1625,T111,9891,850,945,8096
39.77,-86.162,T111,9423,1358,951,7114
39.77,-86.1615,T111,43180,6875,3356,32949
39.77,-86.161,T111,30117,3557,230,26330
39.77,-86.1605,T111,21648,630,538,20480
39.77,-86.16,T111,29685,1801,139,27745
39.77,-86.1595,T111,69616,3881,681,65054
39.77,-86.159,T111,23286,1448,131,21707
39.77,-86.1585,T111,15223,1030,64,14129
39.77,-86.158,T111,20521,1889,27,18605
39.77,-86.1575,T111,7499,604,93,6802
39.77,-86.157,T101,446,48,0,398
39.77,-86.1565,T101,485,286,0,199
39.77,-86.156,T111,12053,4406,21,7626
39.77,-86.1545,T011,198,0,1,197
39.77,-86.154,T111,17114,3333,7,13774
39.77,-86.1525,T111,41668,7933,1940,31795
39.77,-86.152,T101,105,51,0,54
39.77,-86.1515,T001,1,0,0,1
39.77,-86.151,T001,3,0,0,3
39.77,-86.1505,T111,9498,79,1290,8129
39.77,-86.1485,T111,47310,9,3443,43858
39.77,-86.1455,T011,5431,0,1786,3645
39.77,-86.145,T011,391,0,49,342
39.7705,-86.167,T101,1799,413,0,1386
39.7705,-86.1665,T101,4466,826,0,3640
39.7705,-86.163,T111,23839,3873,914,19052
39.7705,-86.1625,T001,13,0,0,13
39.7705,-86.162,T001,11,0,0,11
39.7705,-86.1615,T111,25684,8901,1851,14932
39.7705,-86.161,T111,5635,1057,2,4576
39.7705,-86.1605,T111,27,4,15,8
39.7705,-86.16,T111,2473,115,32,2326
39.7705,-86.1595,T111,45305,2935,597,41773
39.7705,-86.159,T111,1416,72,0,1344
39.7705,-86.1585,T101,1743,63,0,1680
39.7705,-86.158,T111,3206,329,9,2868
39.7705,-86.1575,T111,6057,740,183,5134
39.7705,-86.157,T001,5,0,0,5
39.7705,-86.1565,T001,6,0,0,6
39.7705,-86.156,T111,12789,3056,36,9697
39.7705,-86.1555,T101,105,44,0,61
39.7705,-86.1545,T111,93,3,2,88
39.7705,-86.154,T111,17724,2367,88,15269
39.7705,-86.1525,T111,18853,2546,373,15934
39.7705,-86.152,T011,17,0,6,11
39.7705,-86.1515,T101,20,9,0,11
39.7705,-86.1505,T111,11425,39,2903,8483
39.7705,-86.1485,T111,21703,3,2048,19652
39.7705,-86.146,T011,41,0,3,38
39.7705,-86.1455,T011,11423,0,3335,8088
39.7705,-86.145,T011,2313,0,692,1621
39.771,-86.167,T111,1601,167,36,1398
39.771,-86.1665,T111,11319,1892,26,9401
39.771,-86.166,T101,1166,209,0,957
39.771,-86.1655,T101,1403,325,0,1078
39.771,-86.165,T101,1427,168,0,1259
39.771,-86.1645,T111,2208,23,45,2140
39.771,-86.164,T111,3098,23,31,3044
39.771,-86.1635,T111,15288,111,2382,12795
39.771,-86.163,T111,39982,1241,4142,34599
39.771,-86.1625,T111,12434,86,923,11425
39.771,-86.162,T111,24184,242,1759,22183
39.771,-86.1615,T111,141197,902,13540,126755
39.771,-86.161,T111,30171,676,1893,27602
39.771,-86.1605,T111,54866,431,11001,43434
39.771,-86.16,T111,29654,1673,2801,25180
39.771,-86.1595,T111,75036,6912,11454,56670
39.771,-86.159,T111,8122,891,1447,5784
39.771,-86.1585,T111,11664,1428,1502,8734
39.771,-86.158,T111,18891,4842,943,13106
39.771,-86.1575,T111,17490,4825,176,12489
39.771,-86.157,T111,9115,4329,62,4724
39.771,-86.1565,T111,7471,2256,523,4692
39.771,-86.156,T111,48115,16711,226,31178
39.771,-86.1555,T111,39193,3711,190,35292
39.771,-86.155,T111,23240,1094,773,21373
39.771,-86.1545,T111,47656,3452,1850,42354
39.771,-86.154,T111,40664,5215,330,35119
39.771,-86.1535,T111,9869,734,6,9129
39.771,-86.153,T111,9135,1941,64,7130
39.771,-86.1525,T111,68870,10327,485,58058
39.771,-86.152,T111,16602,9280,103,7219
39.771,-86.1515,T111,22284,6519,78,15687
39.771,-86.151,T111,9235,124,869,8242
39.771,-86.1505,T111,57211,50,9877,47284
39.771,-86.15,T111,3104,1,2,3101
39.771,-86.1495,T011,7359,0,142,7217
39.771,-86.149,T011,9291,0,135,9156
39.771,-86.1485,T111,22897,2,3200,19695
39.771,-86.148,T011,2096,0,8,2088
39.771,-86.1475,T011,3137,0,74,3063
39.771,-86.147,T011,4477,0,143,4334
39.771,-86.1465,T011,2884,0,213,2671
39.771,-86.146,T011,4535,0,1145,3390
39.771,-86.1455,T011,7163,0,1751,5412
39.771,-86.145,T011,2136,0,551,1585
39.7715,-86.1675,T001,83,0,0,83
39.7715,-86.167,T101,1823,57,0,1766
39.7715,-86.1665,T111,33292,5870,988,26434
39.7715,-86.166,T101,930,146,0,784
39.7715,-86.1655,T101,274,61,0,213
39.7715,-86.165,T101,218,20,0,198
39.7715,-86.1645,T111,343,11,16,316
39.7715,-86.164,T011,263,0,20,243
39.7715,-86.1635,T011,277,0,9,268
39.7715,-86.163,T111,68204,3275,722,64207
39.7715,-86.1625,T011,26,0,3,23
39.7715,-86.1615,T111,65225,630,11428,53167
39.7715,-86.161,T111,6289,155,958,5176
39.7715,-86.1605,T011,12,0,5,7
39.7715,-86.16,T111,48,3,15,30
39.7715,-86.1595,T111,15599,1871,901,12827
39.7715,-86.159,T111,52,15,0,37
39.7715,-86.1585,T101,30,10,0,20
39.7715,-86.158,T111,1638,149,6,1483
39.7715,-86.1575,T111,23643,6231,156,17256
39.7715,-86.156,T111,39450,12568,65,26817
39.7715,-86.1555,T111,15511,1202,2,14307
39.7715,-86.155,T001,2115,0,0,2115
39.7715,-86.154,T111,16891,2148,481,14262
39.7715,-86.1535,T001,12,0,0,12
39.7715,-86.153,T001,27,0,0,27
39.7715,-86.1525,T111,8377,1022,652,6703
39.7715,-86.152,T111,12265,6366,411,5488
39.7715,-86.1515,T101,13,3,0,10
39.7715,-86.151,T111,262,1,55,206
39.7715,-86.1505,T111,41239,11,7078,34150
39.7715,-86.1485,T011,11781,0,2464,9317
39.7715,-86.148,T011,345,0,133,212
39.7715,-86.1475,T011,364,0,132,232
39.7715,-86.147,T011,1128,0,223,905
39.7715,-86.1455,T011,2904,0,1040,1864
39.7715,-86.145,T011,8789,0,3476,5313
39.772,-86.167,T011,1439,0,60,1379
39.772,-86.1665,T111,10666,99,157,10410
39.772,-86.1655,T001,15,0,0,15
39.772,-86.165,T001,23,0,0,23
39.772,-86.163,T111,21030,777,834,19419
39.772,-86.1625,T001,5,0,0,5
39.772,-86.1615,T111,87203,323,17067,69813
39.772,-86.161,T111,4750,54,619,4077
39.772,-86.1605,T011,23,0,6,17
39.772,-86.16,T011,44,0,3,41
39.772,-86.1595,T111,23592,1192,1248,21152
39.772,-86.159,T111,14,0,0,14
39.772,-86.1585,T101,2,2,0,0
39.772,-86.158,T111,263,107,6,150
39.772,-86.1575,T111,15446,4027,321,11098
39.772,-86.156,T111,21511,7073,68,14370
39.772,-86.1555,T101,20960,2217,0,18743
39.772,-86.155,T101,1211,226,0,985
39.772,-86.1545,T101,83,50,0,33
39.772,-86.154,T111,36281,15343,484,20454
39.772,-86.1535,T101,25,12,0,13
39.772,-86.1525,T111,4437,573,405,3459
39.772,-86.152,T111,10662,2525,764,7373
39.772,-86.151,T001,125,0,0,125
39.772,-86.1505,T111,40441,29,5865,34547
39.772,-86.15,T111,184,1,0,183
39.772,-86.1495,T011,465,0,24,441
39.772,-86.149,T011,1148,0,156,992
39.772,-86.1485,T111,13596,1,2872,10723
39.772,-86.148,T011,793,0,123,670
39.772,-86.1475,T011,1220,0,130,1090
39.772,-86.147,T011,8153,0,935,7218
39.772,-86.1465,T011,1945,0,128,1817
39.772,-86.146,T011,1493,0,149,1344
39.772,-86.1455,T011,3571,0,577,2994
39.772,-86.145,T011,9433,0,2439,6994
39.7725,-86.1675,T001,43,0,0,43
39.7725,-86.167,T011,465,0,63,402
39.7725,-86.1665,T111,13923,38,160,13725
39.7725,-86.166,T001,22,0,0,22
39.7725,-86.1655,T001,7,0,0,7
39.7725,-86.1635,T001,42,0,0,42
39.7725,-86.163,T111,55951,4568,739,50644
39.7725,-86.1625,T111,18097,607,394,17096
39.7725,-86.162,T111,5767,76,220,5471
39.7725,-86.1615,T111,176962,25430,23765,127767
39.7725,-86.161,T111,54875,744,8739,45392
39.7725,-86.1605,T111,12113,89,1924,10100
39.7725,-86.16,T111,33892,112,5078,28702
39.7725,-86.1595,T111,79590,1140,8746,69704
39.7725,-86.159,T111,27763,386,5547,21830
39.7725,-86.1585,T111,7216,99,991,6126
39.7725,-86.158,T111,17240,943,3412,12885
39.7725,-86.1575,T111,49332,22355,954,26023
39.7725,-86.157,T111,19373,7979,638,10756
39.7725,-86.1565,T111,4588,965,181,3442
39.7725,-86.156,T111,39211,13960,240,25011
39.7725,-86.1555,T101,27498,2994,0,24504
39.7725,-86.155,T111,3716,1025,1,2690
39.7725,-86.1545,T111,2821,1383,1,1437
39.7725,-86.154,T111,19616,7624,245,11747
39.7725,-86.1535,T111,12914,6822,1,6091
39.7725,-86.153,T101,13215,6744,0,6471
39.7725,-86.1525,T111,18455,2187,1610,14658
39.7725,-86.152,T111,40327,4837,5626,29864
39.7725,-86.1515,T111,1173,408,79,686
39.7725,-86.151,T111,613,95,81,437
39.7725,-86.1505,T111,21688,34,5512,16142
39.7725,-86.15,T111,1684,0,79,1605
39.7725,-86.1495,T011,1671,0,104,1567
39.7725,-86.149,T011,1321,0,42,1279
39.7725,-86.1485,T011,22137,0,3840,18297
39.7725,-86.148,T011,5954,0,1532,4422
39.7725,-86.1475,T011,6983,0,1626,5357
39.7725,-86.147,T011,15698,0,2212,13486
39.7725,-86.1465,T011,13773,0,1141,12632
39.7725,-86.146,T011,15989,0,679,15310
39.7725,-86.1455,T011,18916,0,1806,17110
39.7725,-86.145,T011,9203,0,857,8346
39.773,-86.1675,T001,8,0,0,8
39.773,-86.167,T011,881,0,192,689
39.773,-86.1665,T111,19389,42,1133,18214
39.773,-86.164,T001,37,0,0,37
39.773,-86.1635,T001,431,0,0,431
39.773,-86.163,T111,21732,1292,835,19605
39.773,-86.1625,T011,5,0,1,4
39.773,-86.162,T011,11,0,3,8
39.773,-86.1615,T111,5080,4,405,4671
39.773,-86.161,T111,4017,2,362,3653
39.773,-86.1605,T011,112,0,6,106
39.773,-86.16,T011,74,0,8,66
39.773,-86.1595,T111,73436,70,1731,71635
39.773,-86.1585,T001,19,0,0,19
39.773,-86.1575,T111,6659,722,350,5587
39.773,-86.1565,T101,6,6,0,0
39.773,-86.156,T111,32696,9549,970,22177
39.773,-86.1555,T101,14591,1636,0,12955
39.773,-86.155,T101,11,6,0,5
39.773,-86.154,T111,27021,8194,318,18509
39.773,-86.1525,T111,1701,10,133,1558
39.773,-86.152,T111,15981,197,694,15090
39.773,-86.1505,T111,28127,1859,7402,18866
39.773,-86.149,T001,13,0,0,13
39.773,-86.1485,T111,18432,1,3977,14454
39.773,-86.148,T001,11,0,0,11
39.773,-86.147,T011,312,0,34,278
39.773,-86.1455,T011,3,0,3,0
39.773,-86.145,T011,11620,0,897,10723
39.7735,-86.167,T001,68,0,0,68
39.7735,-86.1665,T111,13326,29,1073,12224
39.7735,-86.1645,T011,1760,0,724,1036
39.7735,-86.164,T011,91,0,8,83
39.7735,-86.163,T111,6522,124,313,6085
39.7735,-86.1625,T011,18,0,3,15
39.7735,-86.1615,T011,1394,0,8,1386
39.7735,-86.161,T111,5818,4,560,5254
39.7735,-86.1605,T001,11,0,0,11
39.7735,-86.16,T101,38,2,0,36
39.7735,-86.1595,T111,9765,66,952,8747
39.7735,-86.1585,T101,19,2,0,17
39.7735,-86.158,T101,30,15,0,15
39.7735,-86.1575,T111,17590,2977,1200,13413
39.7735,-86.157,T001,32,0,0,32
39.7735,-86.1565,T101,102,8,0,94
39.7735,-86.156,T111,17148,4139,368,12641
39.7735,-86.1555,T111,29769,4538,5,25226
39.7735,-86.155,T111,2946,94,1,2851
39.7735,-86.1545,T101,1800,289,0,1511
39.7735,-86.154,T111,20826,5807,254,14765
39.7735,-86.1535,T111,896,1,4,891
39.7735,-86.153,T111,3118,15,21,3082
39.7735,-86.1525,T111,17918,64,215,17639
39.7735,-86.152,T111,26594,395,799,25400
39.7735,-86.1515,T111,17831,303,2103,15425
39.7735,-86.151,T111,6645,427,1884,4334
39.7735,-86.1505,T111,63419,8952,11843,42624
39.7735,-86.15,T111,4572,669,16,3887
39.7735,-86.1495,T111,2236,16,9,2211
39.7735,-86.149,T111,1758,3,23,1732
39.7735,-86.1485,T111,31159,1,4917,26241
39.7735,-86.148,T011,4208,0,8,4200
39.7735,-86.1475,T011,2152,0,2,2150
39.7735,-86.147,T011,3031,0,32,2999
39.7735,-86.1465,T011,2082,0,62,2020
39.7735,-86.146,T011,2310,0,75,2235
39.7735,-86.1455,T011,2237,0,132,2105
39.7735,-86.145,T011,18253,0,1927,16326
39.774,-86.1675,T011,511,0,185,326
39.774,-86.167,T111,4163,6,1424,2733
39.774,-86.1665,T111,36809,63,6907,29839
39.774,-86.166,T011,29856,0,5587,24269
39.774,-86.1655,T011,25578,0,5071,20507
39.774,-86.165,T011,5238,0,652,4586
39.774,-86.1645,T011,19538,0,1561,17977
39.774,-86.164,T111,13690,1,1892,11797
39.774,-86.1635,T111,10353,1,2470,7882
39.774,-86.163,T111,23787,40,2801,20946
39.774,-86.1625,T111,3901,1,264,3636
39.774,-86.162,T011,4169,0,306,3863
39.774,-86.1615,T111,8710,14,286,8410
39.774,-86.161,T111,35166,21,3479,31666
39.774,-86.1605,T111,3909,13,782,3114
39.774,-86.16,T111,3006,62,452,2492
39.774,-86.1595,T111,16840,274,1565,15001
39.774,-86.159,T111,3701,666,133,2902
39.774,-86.1585,T111,2959,420,44,2495
39.774,-86.158,T111,3107,818,36,2253
39.774,-86.1575,T111,29873,8663,530,20680
39.774,-86.157,T111,10498,2899,790,6809
39.774,-86.1565,T111,7374,3022,71,4281
39.774,-86.156,T111,51369,10919,545,39905
39.774,-86.1555,T111,52270,7056,352,44862
39.774,-86.155,T111,3487,61,52,3374
39.774,-86.1545,T111,5993,20,53,5920
39.774,-86.154,T111,15215,1892,63,13260
39.774,-86.1535,T111,7253,18,37,7198
39.774,-86.153,T111,1942,10,145,1787
39.774,-86.1525,T111,2969,17,52,2900
39.774,-86.152,T111,33438,249,1783,31406
39.774,-86.1515,T111,262,2,66,194
39.774,-86.151,T111,55,1,27,27
39.774,-86.1505,T111,6407,697,923,4787
39.774,-86.149,T101,125,5,0,120
39.774,-86.1485,T011,35382,0,6502,28880
39.774,-86.145,T011,3747,0,478,3269
39.7745,-86.1665,T011,31063,0,3610,27453
39.7745,-86.1655,T011,730,0,255,475
39.7745,-86.165,T011,117,0,16,101
39.7745,-86.1635,T001,33,0,0,33
39.7745,-86.163,T111,16729,35,2015,14679
39.7745,-86.1615,T001,395,0,0,395
39.7745,-86.161,T111,6569,3,622,5944
39.7745,-86.1595,T111,10147,22,880,9245
39.7745,-86.1575,T111,27163,2253,640,24270
39.7745,-86.156,T111,22046,2914,177,18955
39.7745,-86.1555,T111,22232,2059,293,19880
39.7745,-86.155,T101,26,3,0,23
39.7745,-86.1545,T101,104,5,0,99
39.7745,-86.154,T111,9799,1144,14,8641
39.7745,-86.1535,T011,166,0,9,157
39.7745,-86.153,T111,253,2,11,240
39.7745,-86.1525,T111,705,18,8,679
39.7745,-86.152,T111,7608,278,254,7076
39.7745,-86.1515,T001,54,0,0,54
39.7745,-86.151,T001,42,0,0,42
39.7745,-86.1505,T111,6468,649,731,5088
39.7745,-86.15,T111,490,48,0,442
39.7745,-86.1495,T101,91,18,0,73
39.7745,-86.149,T101,49,8,0,41
39.7745,-86.1485,T011,12124,0,2627,9497
39.7745,-86.145,T011,5694,0,593,5101
39.775,-86.1665,T011,31989,0,3753,28236
39.775,-86.166,T011,1278,0,165,1113
39.775,-86.1655,T001,56,0,0,56
39.775,-86.163,T111,20523,7,1257,19259
39.775,-86.1615,T101,164,1,0,163
39.775,-86.161,T111,4557,5,324,4228
39.775,-86.1605,T001,61,0,0,61
39.775,-86.16,T001,159,0,0,159
39.775,-86.1595,T111,127106,58,10421,116627
39.775,-86.159,T111,6491,24,959,5508
39.775,-86.1585,T011,2529,0,204,2325
39.775,-86.158,T111,15990,5,1313,14672
39.775,-86.1575,T111,32034,346,2563,29125
39.775,-86.157,T111,14987,5,1789,13193
39.775,-86.1565,T111,30710,154,1406,29150
39.775,-86.156,T111,59965,16433,3210,40322
39.775,-86.1555,T111,47231,4702,3011,39518
39.775,-86.155,T111,46367,126,2847,43394
39.775,-86.1545,T111,20836,19,1201,19616
39.775,-86.154,T111,31143,854,1362,28927
39.775,-86.1535,T111,10450,19,1047,9384
39.775,-86.153,T111,21612,36,4051,17525
39.775,-86.1525,T111,12203,485,631,11087
39.775,-86.152,T111,16830,2334,1385,13111
39.775,-86.1515,T111,6838,454,306,6078
39.775,-86.151,T111,7178,164,283,6731
39.775,-86.1505,T111,21533,406,1744,19383
39.775,-86.15,T111,13646,142,2247,11257
39.775,-86.1495,T111,3984,2,611,3371
39.775,-86.149,T111,52856,13,7651,45192
39.775,-86.1485,T111,31911,15,5438,26458
39.775,-86.148,T111,6235,1,1225,5009
39.775,-86.1475,T011,2661,0,469,2192
39.775,-86.147,T111,6236,2,558,5676
39.775,-86.1465,T011,4017,0,667,3350
39.775,-86.146,T111,2703,1,445,2257
39.775,-86.1455,T111,3911,1,567,3343
39.775,-86.145,T111,12671,2,773,11896
39.7755,-86.167,T001,271,0,0,271
39.7755,-86.1665,T111,11723,1,2184,9538
39.7755,-86.166,T011,205,0,79,126
39.7755,-86.1635,T001,1365,0,0,1365
39.7755,-86.163,T111,38038,9,5187,32842
39.7755,-86.1625,T111,2825,1,141,2683
39.7755,-86.162,T011,4748,0,158,4590
39.7755,-86.1615,T011,4240,0,122,4118
39.7755,-86.161,T111,16185,17,1305,14863
39.7755,-86.1605,T111,3364,4,229,3131
39.7755,-86.16,T111,8720,30,230,8460
39.7755,-86.1595,T111,115349,36,3896,111417
39.7755,-86.159,T111,14670,0,2081,12589
39.7755,-86.1585,T111,6613,2,841,5770
39.7755,-86.158,T111,5173,2,647,4524
39.7755,-86.1575,T111,13320,33,1172,12115
39.7755,-86.157,T011,2096,0,454,1642
39.7755,-86.1565,T111,479,6,64,409
39.7755,-86.156,T111,1655,0,105,1550
39.7755,-86.1555,T111,28888,1329,2454,25105
39.7755,-86.155,T011,2275,0,376,1899
39.7755,-86.1545,T011,4266,0,350,3916
39.7755,-86.154,T111,5937,17,522,5398
39.7755,-86.1535,T001,799,0,0,799
39.7755,-86.153,T011,81,0,4,77
39.7755,-86.1525,T011,54,0,4,50
39.7755,-86.152,T111,16914,1503,542,14869
39.7755,-86.1515,T001,12,0,0,12
39.7755,-86.151,T011,3,0,1,2
39.7755,-86.1505,T111,4294,21,199,4074
39.7755,-86.15,T111,6773,121,267,6385
39.7755,-86.1485,T111,20437,2,1122,19313
39.7755,-86.148,T001,720,0,0,720
39.7755,-86.1475,T111,256,1,6,249
39.7755,-86.1465,T011,124,0,4,120
39.7755,-86.145,T011,2844,0,150,2694
39.776,-86.1675,T001,369,0,0,369
39.776,-86.167,T011,204,0,24,180
39.776,-86.1665,T011,9630,0,937,8693
39.776,-86.166,T011,122,0,62,60
39.776,-86.163,T111,10833,3,1194,9636
39.776,-86.1615,T001,60,0,0,60
39.776,-86.161,T011,1643,0,187,1456
39.776,-86.16,T011,8,0,8,0
39.776,-86.1595,T111,7844,7,413,7424
39.776,-86.159,T011,394,0,74,320
39.776,-86.158,T001,9,0,0,9
39.776,-86.1575,T111,5548,6,468,5074
39.776,-86.157,T001,8,0,0,8
39.776,-86.156,T001,24,0,0,24
39.776,-86.1555,T111,11127,20,856,10251
39.776,-86.154,T111,20764,6,1846,18912
39.776,-86.1525,T001,2,0,0,2
39.776,-86.152,T111,4677,3,201,4473
39.776,-86.1515,T001,7,0,0,7
39.776,-86.151,T011,10,0,1,9
39.776,-86.1505,T101,426,6,0,420
39.776,-86.15,T111,10848,172,607,10069
39.776,-86.1485,T011,3261,0,264,2997
39.776,-86.1475,T001,127,0,0,127
39.776,-86.147,T001,485,0,0,485
39.776,-86.1465,T011,809,0,11,798
39.776,-86.145,T011,2009,0,189,1820
39.7765,-86.167,T011,1003,0,168,835
39.7765,-86.1665,T011,7260,0,650,6610
39.7765,-86.166,T011,73,0,26,47
39.7765,-86.163,T011,8439,0,1038,7401
39.7765,-86.1615,T001,98,0,0,98
39.7765,-86.161,T011,3858,0,683,3175
39.7765,-86.16,T011,9,0,4,5
39.7765,-86.1595,T111,4996,8,412,4576
39.7765,-86.159,T111,3165,1,775,2389
39.7765,-86.1575,T011,2796,0,294,2502
39.7765,-86.157,T001,5,0,0,5
39.7765,-86.156,T101,93,1,0,92
39.7765,-86.1555,T111,9007,39,681,8287
39.7765,-86.155,T011,403,0,35,368
39.7765,-86.1545,T011,243,0,1,242
39.7765,-86.154,T111,3946,8,141,3797
39.7765,-86.1535,T001,21,0,0,21
39.7765,-86.152,T111,2407,1,157,2249
39.7765,-86.1515,T001,30,0,0,30
39.7765,-86.151,T001,61,0,0,61
39.7765,-86.1505,T011,107,0,1,106
39.7765,-86.15,T111,9164,44,493,8627
39.7765,-86.1485,T011,4034,0,210,3824
39.7765,-86.148,T001,12,0,0,12
39.7765,-86.1475,T001,50,0,0,50
39.7765,-86.147,T001,75,0,0,75
39.7765,-86.1465,T011,723,0,4,719
39.7765,-86.146,T011,440,0,2,438
39.7765,-86.145,T011,2614,0,212,2402
39.777,-86.167,T011,3956,0,355,3601
39.777,-86.1665,T011,4308,0,300,4008
39.777,-86.166,T011,37,0,9,28
39.777,-86.163,T111,9848,1,970,8877
39.777,-86.161,T111,3734,2,527,3205
39.777,-86.16,T011,7,0,2,5
39.777,-86.1595,T111,2365,4,159,2202
39.777,-86.159,T011,1543,0,163,1380
39.777,-86.1575,T011,5525,0,478,5047
39.777,-86.1565,T001,4,0,0,4
39.777,-86.156,T001,38,0,0,38
39.777,-86.1555,T011,4781,0,675,4106
39.777,-86.1545,T001,19,0,0,19
39.777,-86.154,T011,1686,0,82,1604
39.777,-86.1535,T001,57,0,0,57
39.777,-86.1525,T011,208,0,54,154
39.777,-86.152,T111,3179,2,263,2914
39.777,-86.1515,T001,14,0,0,14
39.777,-86.151,T001,29,0,0,29
39.777,-86.1505,T011,140,0,6,134
39.777,-86.15,T111,8851,26,409,8416
39.777,-86.1485,T011,15935,0,220,15715
39.777,-86.146,T001,261,0,0,261
39.777,-86.1455,T011,2833,0,55,2778
39.777,-86.145,T011,8993,0,832,8161
39.7775,-86.1675,T011,355,0,23,332
39.7775,-86.167,T011,20650,0,929,19721
39.7775,-86.1665,T011,29,0,4,25
39.7775,-86.166,T011,60,0,17,43
39.7775,-86.163,T011,22655,0,2844,19811
39.7775,-86.161,T011,2669,0,285,2384
39.7775,-86.1605,T001,127,0,0,127
39.7775,-86.16,T011,144,0,4,140
39.7775,-86.1595,T111,68561,1,1600,66960
39.7775,-86.159,T111,3702,1,285,3416
39.7775,-86.1585,T011,2212,0,211,2001
39.7775,-86.158,T111,3343,1,398,2944
39.7775,-86.1575,T111,75764,7,9204,66553
39.7775,-86.157,T011,10847,0,634,10213
39.7775,-86.1565,T011,11692,0,404,11288
39.7775,-86.156,T011,12370,0,641,11729
39.7775,-86.1555,T111,20759,3,1701,19055
39.7775,-86.155,T011,8110,0,381,7729
39.7775,-86.1545,T011,7449,0,241,7208
39.7775,-86.154,T111,9788,5,713,9070
39.7775,-86.1535,T111,25075,3,711,24361
39.7775,-86.153,T111,7686,1,579,7106
39.7775,-86.1525,T011,9820,0,257,9563
39.7775,-86.152,T111,23658,6,1248,22404
39.7775,-86.1515,T111,25004,1,1547,23456
39.7775,-86.151,T111,6465,1,330,6134
39.7775,-86.1505,T111,6379,2,414,5963
39.7775,-86.15,T111,17777,33,1207,16537
39.7775,-86.1495,T111,4467,7,69,4391
39.7775,-86.149,T011,5496,0,67,5429
39.7775,-86.1485,T011,21040,0,1099,19941
39.7775,-86.148,T011,6184,0,465,5719
39.7775,-86.1475,T011,2256,0,76,2180
39.7775,-86.147,T011,2409,0,50,2359
39.7775,-86.1465,T011,2064,0,39,2025
39.7775,-86.146,T011,2169,0,33,2136
39.7775,-86.1455,T011,6648,0,48,6600
39.7775,-86.145,T011,25570,0,244,25326
39.778,-86.1675,T011,2880,0,216,2664
39.778,-86.167,T011,25888,0,1053,24835
39.778,-86.1665,T011,4921,0,218,4703
39.778,-86.166,T011,8726,0,410,8316
39.778,-86.1655,T011,4207,0,203,4004
39.778,-86.165,T011,3884,0,190,3694
39.778,-86.1645,T011,4112,0,188,3924
39.778,-86.164,T011,4964,0,237,4727
39.778,-86.1635,T011,29137,0,2659,26478
39.778,-86.163,T011,55425,0,6116,49309
39.778,-86.1625,T111,17631,1,1083,16547
39.778,-86.162,T011,7409,0,484,6925
39.778,-86.1615,T111,20761,5,1593,19163
39.778,-86.161,T111,38965,2,3657,35306
39.778,-86.1605,T011,15649,0,576,15073
39.778,-86.16,T111,9110,2,580,8528
39.778,-86.1595,T111,50197,13,4099,46085
39.778,-86.159,T111,44645,1,3026,41618
39.778,-86.1585,T111,7950,5,601,7344
39.778,-86.158,T011,5934,0,646,5288
39.778,-86.1575,T011,14672,0,1234,13438
39.778,-86.157,T011,1304,0,3,1301
39.778,-86.1565,T001,68,0,0,68
39.778,-86.156,T001,983,0,0,983
39.778,-86.1555,T011,8548,0,2200,6348
39.778,-86.155,T011,4,0,0,4
39.778,-86.1545,T011,28,0,3,25
39.778,-86.154,T111,2221,3,146,2072
39.778,-86.1535,T001,18,0,0,18
39.778,-86.153,T001,1,0,0,1
39.778,-86.1525,T001,3,0,0,3
39.778,-86.152,T111,986,2,113,871
39.778,-86.1515,T001,18,0,0,18
39.778,-86.151,T001,20,0,0,20
39.778,-86.1485,T011,3689,0,51,3638
39.778,-86.145,T011,2839,0,67,2772
39.7785,-86.1675,T011,3463,0,352,3111
39.7785,-86.167,T011,188,0,28,160
39.7785,-86.1665,T001,77,0,0,77
39.7785,-86.1635,T011,63,0,4,59
39.7785,-86.163,T111,1494,1,209,1284
39.7785,-86.162,T011,2,0,2,0
39.7785,-86.161,T011,1360,0,217,1143
39.7785,-86.1595,T011,995,0,61,934
39.7785,-86.159,T011,1650,0,123,1527
39.7785,-86.1575,T011,1251,0,221,1030
39.7785,-86.156,T001,400,0,0,400
39.7785,-86.1555,T011,3340,0,710,2630
39.7785,-86.154,T111,1639,1,66,1572
39.7785,-86.1535,T001,324,0,0,324
39.7785,-86.153,T001,9,0,0,9
39.7785,-86.1525,T001,17,0,0,17
39.7785,-86.152,T111,2051,1,466,1584
39.7785,-86.1515,T011,1052,0,175,877
39.7785,-86.1485,T011,2542,0,44,2498
39.7785,-86.145,T011,2897,0,63,2834
39.779,-86.1675,T011,2281,0,347,1934
39.779,-86.1635,T001,27,0,0,27
39.779,-86.163,T011,1360,0,126,1234
39.779,-86.161,T011,1246,0,66,1180
39.779,-86.1595,T011,508,0,4,504
39.779,-86.159,T011,1574,0,183,1391
39.779,-86.1575,T011,2563,0,346,2217
39.779,-86.157,T001,127,0,0,127
39.779,-86.1555,T011,3365,0,227,3138
39.779,-86.155,T001,22,0,0,22
39.779,-86.1545,T011,33,0,8,25
39.779,-86.154,T011,1422,0,88,1334
39.779,-86.1535,T011,427,0,14,413
39.779,-86.153,T001,16,0,0,16
39.779,-86.1525,T001,12,0,0,12
39.779,-86.152,T011,537,0,57,480
39.779,-86.1515,T011,118,0,12,106
39.779,-86.151,T011,1144,0,214,930
39.779,-86.1485,T011,2998,0,79,2919
39.779,-86.145,T011,4984,0,75,4909
39.7795,-86.1675,T011,8200,0,384,7816
39.7795,-86.163,T011,2078,0,127,1951
39.7795,-86.1625,T001,99,0,0,99
39.7795,-86.161,T011,927,0,63,864
39.7795,-86.1595,T011,130,0,7,123
39.7795,-86.159,T011,2262,0,157,2105
39.7795,-86.1575,T011,1674,0,196,1478
39.7795,-86.1555,T011,2842,0,60,2782
39.7795,-86.1545,T011,9,0,4,5
39.7795,-86.154,T011,4638,0,1141,3497
39.7795,-86.1535,T011,1069,0,196,873
39.7795,-86.1525,T001,6,0,0,6
39.7795,-86.152,T001,498,0,0,498
39.7795,-86.151,T011,156,0,27,129
39.7795,-86.1505,T011,712,0,10,702
39.7795,-86.1485,T011,2103,0,54,2049
39.7795,-86.145,T011,5793,0,263,5530
39.78,-86.1675,T011,3582,0,384,3198
39.78,-86.163,T011,1658,0,77,1581
39.78,-86.1625,T011,285,0,11,274
39.78,-86.161,T011,919,0,48,871
39.78,-86.159,T011,1904,0,190,1714
39.78,-86.1575,T011,1363,0,123,1240
39.78,-86.157,T011,26,0,4,22
39.78,-86.1555,T011,9012,0,163,8849
39.78,-86.155,T011,776,0,1,775
39.78,-86.1545,T001,140,0,0,140
39.78,-86.154,T011,849,0,26,823
39.78,-86.1535,T111,1394,1,258,1135
39.78,-86.152,T011,1332,0,225,1107
39.78,-86.1505,T001,169,0,0,169
39.78,-86.15,T001,900,0,0,900
39.78,-86.1485,T011,1819,0,64,1755
39.78,-86.145,T011,13300,0,838,12462
39.7805,-86.1675,T011,7302,0,448,6854
39.7805,-86.167,T011,780,0,181,599
39.7805,-86.1665,T011,870,0,110,760
39.7805,-86.166,T011,1302,0,47,1255
39.7805,-86.1655,T011,1227,0,23,1204
39.7805,-86.165,T011,924,0,44,880
39.7805,-86.1645,T011,482,0,47,435
39.7805,-86.164,T011,227,0,45,182
39.7805,-86.1635,T011,96,0,0,96
39.7805,-86.163,T011,2147,0,58,2089
39.7805,-86.1625,T011,1963,0,3,1960
39.7805,-86.162,T001,129,0,0,129
39.7805,-86.1615,T001,234,0,0,234
39.7805,-86.161,T011,1309,0,53,1256
39.7805,-86.1595,T001,11,0,0,11
39.7805,-86.159,T011,3608,0,247,3361
39.7805,-86.1575,T011,1396,0,56,1340
39.7805,-86.157,T011,884,0,9,875
39.7805,-86.1555,T011,11120,0,155,10965
39.7805,-86.155,T001,79,0,0,79
39.7805,-86.1545,T001,211,0,0,211
39.7805,-86.154,T011,866,0,65,801
39.7805,-86.1535,T111,2373,1,313,2059
39.7805,-86.152,T011,713,0,109,604
39.7805,-86.15,T001,188,0,0,188
39.7805,-86.1495,T001,842,0,0,842
39.7805,-86.149,T001,608,0,0,608
39.7805,-86.1485,T011,14074,0,632,13442
39.7805,-86.148,T011,2011,0,39,1972
39.7805,-86.1475,T011,2275,0,33,2242
39.7805,-86.147,T011,2326,0,49,2277
39.7805,-86.1465,T011,2734,0,29,2705
39.7805,-86.146,T011,2736,0,69,2667
39.7805,-86.1455,T011,3100,0,79,3021
39.7805,-86.145,T011,21887,0,653,21234
