0.022791147232055664,0.00018674136321195143
0.03230404853820801,0.0011204481792717086
0.03655505180358887,0.0020541549953314656
0.03742408752441406,0.0031746031746031755
0.04023098945617676,0.004108309990662934
0.042649030685424805,0.005042016806722692
0.04534316062927246,0.006162464985994402
0.047482967376708984,0.00709617180205416
0.04964089393615723,0.008029878618113917
0.049979209899902344,0.009150326797385621
0.05102896690368652,0.010084033613445375
0.05283498764038086,0.01101774042950513
0.0551450252532959,0.012138188608776834
0.056771039962768555,0.013071895424836588
0.059348106384277344,0.014005602240896342
0.060649871826171875,0.015126050420168046
0.06131887435913086,0.016059757236227802
0.061731815338134766,0.017180205415499507
0.06307196617126465,0.01811391223155926
0.06372189521789551,0.019047619047619015
0.06528115272521973,0.02016806722689072
0.06737995147705078,0.021101774042950473
0.06776213645935059,0.022035480859010227
0.06863903999328613,0.023155929038281932
0.07000303268432617,0.024089635854341686
0.07051682472229004,0.02502334267040144
0.07090997695922852,0.026143790849673144
0.07206583023071289,0.0270774976657329
0.0734701156616211,0.028011204481792652
0.0742959976196289,0.029131652661064357
0.07613611221313477,0.03006535947712411
0.07725691795349121,0.031185807656395816
0.07842707633972168,0.03211951447245557
0.07884907722473145,0.03305322128851532
0.08009004592895508,0.03417366946778703
0.08130288124084473,0.03510737628384678
0.08235812187194824,0.036041083099906536
0.08301401138305664,0.03716153127917824
0.08359789848327637,0.038095238095237995
0.08502602577209473,0.03902894491129775
0.08577513694763184,0.04014939309056945
0.0863490104675293,0.04108309990662921
0.08703494071960449,0.04201680672268896
0.08745002746582031,0.043137254901960666
0.08817696571350098,0.04407096171802042
0.08908605575561523,0.045004668534080174
0.0898439884185791,0.04612511671335188
0.09003615379333496,0.04705882352941163
0.09034490585327148,0.04817927170868334
0.09107613563537598,0.04911297852474309
0.09174084663391113,0.050046685340802845
0.09213399887084961,0.05116713352007455
0.09314799308776855,0.0521008403361343
0.0936129093170166,0.05303454715219406
0.09380292892456055,0.05415499533146576
0.09406399726867676,0.055088702147525516
0.0946500301361084,0.05602240896358527
0.09504413604736328,0.057142857142856975
0.09560513496398926,0.05807656395891673
0.0960090160369873,0.05901027077497648
0.09645819664001465,0.06013071895424819
0.0972890853881836,0.06106442577030794
0.09759402275085449,0.062184873949579646
0.0981588363647461,0.0631185807656394
0.09878110885620117,0.06405228758169916
0.09968400001525879,0.06517273576097087
0.10014200210571289,0.06610644257703062
0.10073995590209961,0.06704014939309037
0.10101103782653809,0.06816059757236208
0.10167098045349121,0.06909430438842183
0.10223197937011719,0.07002801120448159
0.10252904891967773,0.07114845938375329
0.10289502143859863,0.07208216619981304
0.10323786735534668,0.0730158730158728
0.10409188270568848,0.0741363211951445
0.10469603538513184,0.07507002801120426
0.10516095161437988,0.07600373482726401
0.10544300079345703,0.07712418300653572
0.10576200485229492,0.07805788982259547
0.10677218437194824,0.07917833800186717
0.10752201080322266,0.08011204481792693
0.10777020454406738,0.08104575163398668
0.10861611366271973,0.08216619981325839
0.10889816284179688,0.08309990662931814
0.10916996002197266,0.0840336134453779
0.10954093933105469,0.0851540616246496
0.11020803451538086,0.08608776844070935
0.11058402061462402,0.0870214752567691
0.11117291450500488,0.08814192343604081
0.1115570068359375,0.08907563025210057
0.11201000213623047,0.09000933706816032
0.11252498626708984,0.09112978524743202
0.11263298988342285,0.09206349206349178
0.11321902275085449,0.09318394024276348
0.11340999603271484,0.09411764705882324
0.11389899253845215,0.09505135387488299
0.11436700820922852,0.0961718020541547
0.1148219108581543,0.09710550887021445
0.1152811050415039,0.0980392156862742
0.11595392227172852,0.09915966386554591
0.11619114875793457,0.10009337068160566
0.11654019355773926,0.10102707749766542
0.11684608459472656,0.10214752567693712
0.11714601516723633,0.10308123249299687
0.11760401725769043,0.10401493930905663
0.1184699535369873,0.10513538748832833
0.11869597434997559,0.10606909430438809
0.11907315254211426,0.10700280112044784
0.11953592300415039,0.10812324929971955
0.12002110481262207,0.1090569561157793
0.12029719352722168,0.110177404295051
0.12049198150634766,0.11111111111111076
0.12107515335083008,0.11204481792717051
0.12166404724121094,0.11316526610644222
0.12182497978210449,0.11409897292250197
0.12206506729125977,0.11503267973856172
0.12229800224304199,0.11615312791783343
0.12263607978820801,0.11708683473389318
0.12320995330810547,0.11802054154995294
0.12367820739746094,0.11914098972922464
0.12404489517211914,0.1200746965452844
0.12441611289978027,0.12100840336134415
0.12493610382080078,0.12212885154061585
0.12600302696228027,0.12306255835667561
0.12672805786132812,0.12418300653594731
0.12711191177368164,0.12511671335200708
0.12764883041381836,0.12605042016806683
0.1279449462890625,0.12717086834733854
0.1283280849456787,0.1281045751633983
0.1286318302154541,0.12903828197945805
0.12886691093444824,0.13015873015872975
0.12953686714172363,0.1310924369747895
0.1298830509185791,0.13202614379084926
0.13025808334350586,0.13314659197012096
0.13043785095214844,0.13408029878618072
0.13081097602844238,0.13501400560224047
0.1314840316772461,0.13613445378151218
0.13206696510314941,0.13706816059757193
0.13246679306030273,0.13800186741363168
0.132857084274292,0.1391223155929034
0.13331079483032227,0.14005602240896314
0.13373303413391113,0.14117647058823485
0.13441014289855957,0.1421101774042946
0.13483309745788574,0.14304388422035436
0.13497495651245117,0.14416433239962606
0.1353750228881836,0.14509803921568581
0.1357879638671875,0.14603174603174557
0.1363210678100586,0.14715219421101727
0.1364600658416748,0.14808590102707703
0.1366739273071289,0.14901960784313678
0.13711118698120117,0.15014005602240849
0.13756179809570312,0.15107376283846824
0.1378769874572754,0.152007469654528
0.13811802864074707,0.1531279178337997
0.13866710662841797,0.15406162464985945
0.13911986351013184,0.15518207282913116
0.13936185836791992,0.1561157796451909
0.139847993850708,0.15704948646125066
0.14049100875854492,0.15816993464052237
0.1406850814819336,0.15910364145658212
0.1413259506225586,0.16003734827264188
0.14186978340148926,0.16115779645191358
0.14224004745483398,0.16209150326797334
0.14249897003173828,0.1630252100840331
0.14282798767089844,0.1641456582633048
0.14321517944335938,0.16507936507936455
0.1436319351196289,0.1660130718954243
0.14410805702209473,0.167133520074696
0.14472603797912598,0.16806722689075576
0.1450488567352295,0.16900093370681551
0.14544105529785156,0.17012138188608722
0.14583706855773926,0.17105508870214697
0.14636015892028809,0.17217553688141868
0.1471550464630127,0.17310924369747843
0.1473379135131836,0.17404295051353819
0.14819097518920898,0.1751633986928099
0.1487109661102295,0.17609710550886964
0.14892983436584473,0.1770308123249294
0.1491091251373291,0.1781512605042011
0.14931821823120117,0.17908496732026086
0.14976906776428223,0.1800186741363206
0.15016484260559082,0.18113912231559232
0.15055394172668457,0.18207282913165207
0.15153098106384277,0.18300653594771182
0.15214896202087402,0.18412698412698353
0.15231680870056152,0.18506069094304328
0.15260004997253418,0.186181139122315
0.15290284156799316,0.18711484593837474
0.1530930995941162,0.1880485527544345
0.15335988998413086,0.1891690009337062
0.15383100509643555,0.19010270774976595
0.15411591529846191,0.1910364145658257
0.1544208526611328,0.1921568627450974
0.1546468734741211,0.19309056956115717
0.1548449993133545,0.19402427637721692
0.15512514114379883,0.19514472455648862
0.15564298629760742,0.19607843137254838
0.1558539867401123,0.19701213818860813
0.15633392333984375,0.19813258636787984
0.1566457748413086,0.1990662931839396
0.15701699256896973,0.2001867413632113
0.15726900100708008,0.20112044817927105
0.15759992599487305,0.2020541549953308
0.15794086456298828,0.2031746031746025
0.15847086906433105,0.20410830999066226
0.15854811668395996,0.20504201680672202
0.1587848663330078,0.20616246498599372
0.15889382362365723,0.20709617180205347
0.15929293632507324,0.20802987861811323
0.15976381301879883,0.20915032679738493
0.16026902198791504,0.2100840336134447
0.16059494018554688,0.21101774042950444
0.16081690788269043,0.21213818860877615
0.16132903099060059,0.2130718954248359
0.1621232032775879,0.21400560224089565
0.16245579719543457,0.21512605042016736
0.16264891624450684,0.2160597572362271
0.16338205337524414,0.21718020541549882
0.1637887954711914,0.21811391223155857
0.16396403312683105,0.21904761904761832
0.16475296020507812,0.22016806722689003
0.16504597663879395,0.22110177404294978
0.16556787490844727,0.22203548085900954
0.16585707664489746,0.22315592903828124
0.16605520248413086,0.224089635854341
0.1665050983428955,0.22502334267040075
0.1670548915863037,0.22614379084967245
0.1672070026397705,0.2270774976657322
0.16747283935546875,0.22801120448179196
0.16835904121398926,0.22913165266106367
0.16879487037658691,0.23006535947712342
0.16940689086914062,0.23118580765639513
0.16971588134765625,0.23211951447245488
0.17014098167419434,0.23305322128851463
0.1709139347076416,0.23417366946778634
0.1711280345916748,0.2351073762838461
0.17171788215637207,0.23604108309990585
0.17247796058654785,0.23716153127917755
0.17270207405090332,0.2380952380952373
0.17314696311950684,0.23902894491129706
0.17342495918273926,0.24014939309056876
0.17391085624694824,0.24108309990662852
0.17441701889038086,0.24201680672268827
0.17500591278076172,0.24313725490195998
0.17524504661560059,0.24407096171801973
0.17607402801513672,0.24500466853407948
0.17632508277893066,0.2461251167133512
0.17701387405395508,0.24705882352941094
0.1774280071258545,0.24817927170868265
0.1777641773223877,0.2491129785247424
0.17819714546203613,0.25004668534080216
0.1788618564605713,0.25116713352007386
0.1794910430908203,0.2521008403361336
0.18014812469482422,0.25303454715219337
0.1815190315246582,0.2541549953314651
0.18231511116027832,0.2550887021475248
0.1832270622253418,0.2560224089635846
0.18376493453979492,0.2571428571428563
0.18478012084960938,0.25807656395891604
0.18505215644836426,0.2590102707749758
0.18625807762145996,0.2601307189542475
0.18735218048095703,0.26106442577030725
0.18866896629333496,0.26218487394957896
0.18966078758239746,0.2631185807656387
0.19008898735046387,0.26405228758169846
0.19134902954101562,0.26517273576097017
0.1920640468597412,0.2661064425770299
0.19294309616088867,0.2670401493930897
0.19356584548950195,0.2681605975723614
0.19421601295471191,0.26909430438842113
0.19501996040344238,0.2700280112044809
0.19546914100646973,0.2711484593837526
0.19612789154052734,0.27208216619981235
0.19733810424804688,0.2730158730158721
0.1980299949645996,0.2741363211951438
0.19939494132995605,0.27507002801120356
0.20004820823669434,0.2760037348272633
0.2011880874633789,0.277124183006535
0.20207595825195312,0.2780578898225948
0.20296692848205566,0.2791783380018665
0.20470190048217773,0.28011204481792623
0.20581793785095215,0.281045751633986
0.20648980140686035,0.2821661998132577
0.2073969841003418,0.28309990662931744
0.20801115036010742,0.2840336134453772
0.20934700965881348,0.2851540616246489
0.21033692359924316,0.28608776844070866
0.21178793907165527,0.2870214752567684
0.21265196800231934,0.2881419234360401
0.21345806121826172,0.28907563025209987
0.21386098861694336,0.2900093370681596
0.21468186378479004,0.2911297852474313
0.21578192710876465,0.2920634920634911
0.21616506576538086,0.2931839402427628
0.21720099449157715,0.29411764705882254
0.2176520824432373,0.2950513538748823
0.2183830738067627,0.296171802054154
0.21873211860656738,0.29710550887021375
0.2192080020904541,0.2980392156862735
0.22028493881225586,0.2991596638655452
0.22111105918884277,0.30009337068160497
0.2216191291809082,0.3010270774976647
0.22303009033203125,0.3021475256769364
0.22401785850524902,0.3030812324929962
0.22454404830932617,0.30401493930905593
0.22548699378967285,0.30513538748832764
0.22639894485473633,0.3060690943043874
0.22695493698120117,0.30700280112044714
0.22842907905578613,0.30812324929971885
0.2288968563079834,0.3090569561157786
0.23009300231933594,0.3101774042950503
0.23049306869506836,0.31111111111111006
0.23106002807617188,0.3120448179271698
0.23249602317810059,0.3131652661064415
0.23289203643798828,0.3140989729225013
0.2336728572845459,0.31503267973856103
0.23445892333984375,0.31615312791783273
0.23517298698425293,0.3170868347338925
0.23568201065063477,0.31802054154995224
0.23643803596496582,0.31914098972922395
0.23707795143127441,0.3200746965452837
0.2375781536102295,0.32100840336134345
0.2382369041442871,0.32212885154061516
0.23878693580627441,0.3230625583566749
0.23987102508544922,0.3241830065359466
0.24061894416809082,0.32511671335200637
0.2413318157196045,0.3260504201680661
0.24225807189941406,0.32717086834733783
0.24255704879760742,0.3281045751633976
0.24303007125854492,0.32903828197945734
0.24372196197509766,0.33015873015872904
0.2439408302307129,0.3310924369747888
0.24435019493103027,0.33202614379084855
0.24498605728149414,0.33314659197012025
0.24556303024291992,0.33408029878618
0.2460770606994629,0.33501400560223976
0.2463669776916504,0.33613445378151147
0.2466259002685547,0.3370681605975712
0.24718093872070312,0.338001867413631
0.2475299835205078,0.3391223155929027
0.24782896041870117,0.34005602240896243
0.248704195022583,0.34117647058823414
0.24915099143981934,0.3421101774042939
0.25016283988952637,0.34304388422035365
0.2504570484161377,0.34416433239962535
0.25157904624938965,0.3450980392156851
0.2518889904022217,0.34603174603174486
0.2526249885559082,0.34715219421101656
0.2532978057861328,0.3480859010270763
0.2539050579071045,0.34901960784313607
0.25498294830322266,0.3501400560224078
0.2552988529205322,0.35107376283846753
0.2555561065673828,0.3520074696545273
0.255756139755249,0.353127917833799
0.2563459873199463,0.35406162464985874
0.25676608085632324,0.35518207282913045
0.2569890022277832,0.3561157796451902
0.25708985328674316,0.35704948646124995
0.2575991153717041,0.35816993464052166
0.2579939365386963,0.3591036414565814
0.2581160068511963,0.36003734827264117
0.2585268020629883,0.36115779645191287
0.2588651180267334,0.3620915032679726
0.2591569423675537,0.3630252100840324
0.25977110862731934,0.3641456582633041
0.26085495948791504,0.36507936507936384
0.2610201835632324,0.3660130718954236
0.2613699436187744,0.3671335200746953
0.26170992851257324,0.36806722689075505
0.2618839740753174,0.3690009337068148
0.2623758316040039,0.3701213818860865
0.26267504692077637,0.37105508870214626
0.26300692558288574,0.37217553688141797
0.2634618282318115,0.3731092436974777
0.2646338939666748,0.3740429505135375
0.2648918628692627,0.3751633986928092
0.26516103744506836,0.37609710550886893
0.2658860683441162,0.3770308123249287
0.26640892028808594,0.3781512605042004
0.2667500972747803,0.37908496732026015
0.26701807975769043,0.3800186741363199
0.26737403869628906,0.3811391223155916
0.2679750919342041,0.38207282913165136
0.2684028148651123,0.3830065359477111
0.26881909370422363,0.3841269841269828
0.26906800270080566,0.38506069094304257
0.2694129943847656,0.3861811391223143
0.2699089050292969,0.38711484593837403
0.27004408836364746,0.3880485527544338
0.27025794982910156,0.3891690009337055
0.2707998752593994,0.39010270774976524
0.27115893363952637,0.391036414565825
0.2713189125061035,0.3921568627450967
0.2714989185333252,0.39309056956115646
0.27188611030578613,0.3940242763772162
0.2723069190979004,0.3951447245564879
0.27253007888793945,0.39607843137254767
0.2727479934692383,0.3970121381886074
0.2732679843902588,0.3981325863678791
0.2737851142883301,0.3990662931839389
0.27435898780822754,0.4001867413632106
0.27469921112060547,0.40112044817927034
0.27517104148864746,0.4020541549953301
0.27607011795043945,0.4031746031746018
0.2764170169830322,0.40410830999066155
0.27721595764160156,0.4050420168067213
0.27749180793762207,0.406162464985993
0.2777268886566162,0.40709617180205276
0.2781798839569092,0.4080298786181125
0.2789769172668457,0.4091503267973842
0.27910804748535156,0.410084033613444
0.2794821262359619,0.41101774042950373
0.27977585792541504,0.41213818860877544
0.280048131942749,0.4130718954248352
0.28047990798950195,0.41400560224089494
0.2807760238647461,0.41512605042016665
0.28109002113342285,0.4160597572362264
0.2815098762512207,0.4171802054154981
0.2821331024169922,0.41811391223155786
0.28244900703430176,0.4190476190476176
0.28310298919677734,0.4201680672268893
0.2837378978729248,0.4211017740429491
0.2842140197753906,0.4220354808590088
0.28492093086242676,0.42315592903828053
0.2850048542022705,0.4240896358543403
0.2855839729309082,0.42502334267040004
0.2861499786376953,0.42614379084967174
0.28648805618286133,0.4270774976657315
0.28707385063171387,0.42801120448179125
0.287769079208374,0.42913165266106296
0.2881441116333008,0.4300653594771227
0.28862905502319336,0.4311858076563944
0.2889699935913086,0.43211951447245417
0.2892129421234131,0.4330532212885139
0.28992390632629395,0.43417366946778563
0.2900409698486328,0.4351073762838454
0.2902679443359375,0.43604108309990514
0.2907729148864746,0.43716153127917684
0.29123401641845703,0.4380952380952366
0.29139089584350586,0.43902894491129635
0.291748046875,0.44014939309056805
0.2923250198364258,0.4410830999066278
0.29245901107788086,0.44201680672268756
0.2934749126434326,0.44313725490195927
0.2937438488006592,0.444070961718019
0.2942171096801758,0.4450046685340788
0.29476284980773926,0.4461251167133505
0.29500412940979004,0.44705882352941023
0.2958669662475586,0.44817927170868194
0.2962799072265625,0.4491129785247417
0.2963869571685791,0.45004668534080144
0.2968921661376953,0.45116713352007315
0.297288179397583,0.4521008403361329
0.2976491451263428,0.45303454715219266
0.29817795753479004,0.45415499533146436
0.2987370491027832,0.4550887021475241
0.2989070415496826,0.45602240896358387
0.2995641231536865,0.4571428571428556
0.2997150421142578,0.45807656395891533
0.2999610900878906,0.4590102707749751
0.30026793479919434,0.4601307189542468
0.3007650375366211,0.46106442577030654
0.3013119697570801,0.46218487394957825
0.3016831874847412,0.463118580765638
0.3019731044769287,0.46405228758169775
0.3023209571838379,0.46517273576096946
0.30248212814331055,0.4661064425770292
0.3026409149169922,0.46704014939308897
0.30320000648498535,0.46816059757236067
0.3035910129547119,0.4690943043884204
0.3038651943206787,0.4700280112044802
0.30446791648864746,0.4711484593837519
0.30495595932006836,0.47208216619981164
0.3052711486816406,0.4730158730158714
0.3062930107116699,0.4741363211951431
0.30675506591796875,0.47507002801120285
0.30710887908935547,0.4760037348272626
0.3078742027282715,0.4771241830065343
0.308333158493042,0.47805788982259406
0.30902791023254395,0.47917833800186577
0.30954408645629883,0.4801120448179255
0.3103010654449463,0.4810457516339853
0.3111729621887207,0.482166199813257
0.311647891998291,0.48309990662931673
0.3119039535522461,0.4840336134453765
0.3121960163116455,0.4851540616246482
0.3126819133758545,0.48608776844070795
0.3133509159088135,0.4870214752567677
0.3136110305786133,0.4881419234360394
0.3138890266418457,0.48907563025209916
0.31403303146362305,0.4900093370681589
0.3142359256744385,0.4911297852474306
0.3148159980773926,0.49206349206349037
0.31561803817749023,0.4931839402427621
0.31594419479370117,0.49411764705882183
0.31624698638916016,0.4950513538748816
0.3166499137878418,0.4961718020541533
0.3170340061187744,0.49710550887021304
0.31751394271850586,0.4980392156862728
0.3181779384613037,0.4991596638655445
0.31860804557800293,0.5000933706816043
0.3187408447265625,0.5010270774976641
0.3190908432006836,0.5021475256769358
0.31940603256225586,0.5030812324929955
0.31986188888549805,0.5040149393090553
0.3203859329223633,0.505135387488327
0.32086992263793945,0.5060690943043867
0.32129597663879395,0.5070028011204465
0.32144999504089355,0.5081232492997182
0.32184314727783203,0.509056956115778
0.3222939968109131,0.5101774042950497
0.32275390625,0.5111111111111094
0.3231627941131592,0.5120448179271692
0.32360410690307617,0.5131652661064409
0.32380080223083496,0.5140989729225006
0.3239459991455078,0.5150326797385604
0.32427406311035156,0.5161531279178321
0.32456302642822266,0.5170868347338918
0.3247661590576172,0.5180205415499516
0.32500696182250977,0.5191409897292233
0.3251509666442871,0.520074696545283
0.3254239559173584,0.5210084033613428
0.32592201232910156,0.5221288515406145
0.3260619640350342,0.5230625583566743
0.32649898529052734,0.524183006535946
0.3267240524291992,0.5251167133520057
0.32693910598754883,0.5260504201680655
0.3271491527557373,0.5271708683473372
0.3275148868560791,0.5281045751633969
0.327800989151001,0.5290382819794567
0.32801103591918945,0.5301587301587284
0.32816410064697266,0.5310924369747881
0.32840895652770996,0.5320261437908479
0.32876086235046387,0.5331465919701196
0.3289210796356201,0.5340802987861794
0.3292241096496582,0.5350140056022391
0.3293471336364746,0.5361344537815108
0.3296520709991455,0.5370681605975706
0.3299119472503662,0.5380018674136303
0.3301260471343994,0.539122315592902
0.330521821975708,0.5400560224089618
0.33081603050231934,0.5411764705882335
0.3311011791229248,0.5421101774042932
0.33133983612060547,0.543043884220353
0.331524133682251,0.5441643323996247
0.3316628932952881,0.5450980392156844
0.33193397521972656,0.5460317460317442
0.3321211338043213,0.5471521942110159
0.33254003524780273,0.5480859010270757
0.33281803131103516,0.5490196078431354
0.3331599235534668,0.5501400560224071
0.3333871364593506,0.5510737628384669
0.33359408378601074,0.5520074696545266
0.3338019847869873,0.5531279178337983
0.33388304710388184,0.5540616246498581
0.33411407470703125,0.5551820728291298
0.3344860076904297,0.5561157796451895
0.33475589752197266,0.5570494864612493
0.33494114875793457,0.558169934640521
0.33503103256225586,0.5591036414565808
0.33528900146484375,0.5600373482726405
0.3354830741882324,0.5611577964519122
0.33593106269836426,0.562091503267972
0.3361480236053467,0.5630252100840317
0.33647990226745605,0.5641456582633034
0.3366999626159668,0.5650793650793632
0.33680200576782227,0.5660130718954229
0.3373429775238037,0.5671335200746946
0.3376729488372803,0.5680672268907544
0.3379018306732178,0.5690009337068141
0.33849596977233887,0.5701213818860859
0.33864688873291016,0.5710550887021456
0.33889102935791016,0.5721755368814173
0.33918190002441406,0.5731092436974771
0.33963608741760254,0.5740429505135368
0.3398890495300293,0.5751633986928085
0.3401491641998291,0.5760971055088683
0.3403041362762451,0.577030812324928
0.3407881259918213,0.5781512605041997
0.341062068939209,0.5790849673202595
0.341480016708374,0.5800186741363192
0.34191107749938965,0.581139122315591
0.34217286109924316,0.5820728291316507
0.3424417972564697,0.5830065359477105
0.3427908420562744,0.5841269841269822
0.3433198928833008,0.5850606909430419
0.34366798400878906,0.5861811391223136
0.3440589904785156,0.5871148459383734
0.34446001052856445,0.5880485527544331
0.3447561264038086,0.5891690009337048
0.34507083892822266,0.5901027077497646
0.34562206268310547,0.5910364145658243
0.346127986907959,0.592156862745096
0.3463170528411865,0.5930905695611558
0.3470041751861572,0.5940242763772156
0.34720492362976074,0.5951447245564873
0.3479151725769043,0.596078431372547
0.3480949401855469,0.5970121381886068
0.34871411323547363,0.5981325863678785
0.3499131202697754,0.5990662931839382
0.35146021842956543,0.6001867413632099
0.3518648147583008,0.6011204481792697
0.35292506217956543,0.6020541549953294
0.3533909320831299,0.6031746031746011
0.35387086868286133,0.6041083099906609
0.3545529842376709,0.6050420168067207
0.3550989627838135,0.6061624649859924
0.35552501678466797,0.6070961718020521
0.356428861618042,0.6080298786181119
0.3576650619506836,0.6091503267973836
0.35862112045288086,0.6100840336134433
0.3603661060333252,0.6110177404295031
0.3612520694732666,0.6121381886087748
0.3624141216278076,0.6130718954248345
0.3637979030609131,0.6140056022408943
0.366746187210083,0.615126050420166
0.3686411380767822,0.6160597572362257
0.3709690570831299,0.6171802054154975
0.37297606468200684,0.6181139122315572
0.373823881149292,0.619047619047617
0.3752279281616211,0.6201680672268887
0.377255916595459,0.6211017740429484
0.3794260025024414,0.6220354808590082
0.38144707679748535,0.6231559290382799
0.3836359977722168,0.6240896358543396
0.38779115676879883,0.6250233426703994
0.39061498641967773,0.6261437908496711
0.39374685287475586,0.6270774976657308
0.39650797843933105,0.6280112044817906
0.40175795555114746,0.6291316526610623
0.40656590461730957,0.6300653594771221
0.4130289554595947,0.6311858076563938
0.41596198081970215,0.6321195144724535
0.4207592010498047,0.6330532212885133
0.42858099937438965,0.634173669467785
0.43114495277404785,0.6351073762838447
0.43431591987609863,0.6360410830999045
0.43966197967529297,0.6371615312791762
0.4413149356842041,0.6380952380952359
0.44958996772766113,0.6390289449112957
0.452800989151001,0.6401493930905674
0.4589688777923584,0.6410830999066272
0.46469593048095703,0.6420168067226869
0.4716641902923584,0.6431372549019586
0.4756031036376953,0.6440709617180184
0.4843120574951172,0.6450046685340781
0.4920649528503418,0.6461251167133498
0.4986569881439209,0.6470588235294096
0.5182969570159912,0.6481792717086813
0.5345969200134277,0.649112978524741
0.5397989749908447,0.6500466853408008
0.5525240898132324,0.6511671335200725
0.5619029998779297,0.6521008403361322
0.571397066116333,0.653034547152192
0.5904960632324219,0.6541549953314637
0.6051678657531738,0.6550887021475235
0.6173319816589355,0.6560224089635832
0.6302211284637451,0.6571428571428549
0.6408891677856445,0.6580765639589147
0.6562519073486328,0.6590102707749744
0.6686148643493652,0.6601307189542461
0.6809120178222656,0.6610644257703059
0.6904840469360352,0.6621848739495776
0.6979579925537109,0.6631185807656373
0.7159559726715088,0.6640522875816971
0.7237439155578613,0.6651727357609688
0.738379955291748,0.6661064425770286
0.7445080280303955,0.6670401493930883
0.7551980018615723,0.66816059757236
0.7742531299591064,0.6690943043884198
0.7809059619903564,0.6700280112044795
0.7906351089477539,0.6711484593837512
0.8267900943756104,0.672082166199811
0.8574860095977783,0.6730158730158707
0.8759660720825195,0.6741363211951424
0.8998029232025146,0.6750700280112022
0.9139590263366699,0.676003734827262
0.9257349967956543,0.6771241830065337
0.9400060176849365,0.6780578898225934
0.9589948654174805,0.6791783380018651
0.9732840061187744,0.6801120448179249
0.9776041507720947,0.6810457516339846
0.9841759204864502,0.6821661998132563
0.9878959655761719,0.6830999066293161
0.9963140487670898,0.6840336134453758
0.997046947479248,0.6851540616246475
0.9977009296417236,0.6860877684407073
0.9987659454345703,0.687021475256767
1.012174129486084,0.6881419234360387
1.0253839492797852,0.6890756302520985
1.0337440967559814,0.6900093370681583
1.0456938743591309,0.69112978524743
1.0689198970794678,0.6920634920634897
1.1007370948791504,0.6931839402427614
1.115346908569336,0.6941176470588212
1.122704029083252,0.6950513538748809
1.139359951019287,0.6961718020541526
1.1678321361541748,0.6971055088702124
1.1744141578674316,0.6980392156862721
1.1874771118164062,0.6991596638655438
1.2033820152282715,0.7000933706816036
1.2173337936401367,0.7010270774976634
1.245434045791626,0.7021475256769351
1.2639329433441162,0.7030812324929948
1.2695209980010986,0.7040149393090546
1.2792208194732666,0.7051353874883263
1.285102128982544,0.706069094304386
1.291538953781128,0.7070028011204458
1.3019819259643555,0.7081232492997175
1.3237121105194092,0.7090569561157772
1.3368620872497559,0.7101774042950489
1.3499410152435303,0.7111111111111087
1.356872797012329,0.7120448179271684
1.3767077922821045,0.7131652661064402
1.385174036026001,0.7140989729224999
1.405107021331787,0.7150326797385597
1.4183878898620605,0.7161531279178314
1.4300122261047363,0.7170868347338911
1.4556920528411865,0.7180205415499509
1.4659850597381592,0.7191409897292226
1.5036540031433105,0.7200746965452823
1.5138258934020996,0.7210084033613421
1.5426199436187744,0.7221288515406138
1.5586590766906738,0.7230625583566735
1.5806000232696533,0.7241830065359453
1.6082439422607422,0.725116713352005
1.6378650665283203,0.7260504201680648
1.708832025527954,0.7271708683473365
1.739300012588501,0.7281045751633962
1.7747809886932373,0.729038281979456
1.8173699378967285,0.7301587301587277
1.8326590061187744,0.7310924369747874
1.885484218597412,0.7320261437908472
1.919572114944458,0.7331465919701189
1.9454619884490967,0.7340802987861786
1.9757850170135498,0.7350140056022384
2.0127179622650146,0.7361344537815101
2.024183988571167,0.7370681605975699
2.0276520252227783,0.7380018674136296
2.029789924621582,0.7391223155929013
2.0316569805145264,0.7400560224089611
2.0333070755004883,0.7411764705882328
2.0345771312713623,0.7421101774042925
2.034946918487549,0.7430438842203523
2.036432981491089,0.744164332399624
2.037588119506836,0.7450980392156837
2.0388119220733643,0.7460317460317435
2.040395975112915,0.7471521942110152
2.041710138320923,0.748085901027075
2.043691873550415,0.7490196078431347
2.0449559688568115,0.7501400560224064
2.045994997024536,0.7510737628384662
2.046743869781494,0.7520074696545259
2.0477938652038574,0.7531279178337976
2.0499541759490967,0.7540616246498574
2.0542378425598145,0.7551820728291291
2.057893991470337,0.7561157796451888
2.0599758625030518,0.7570494864612486
2.0662648677825928,0.7581699346405203
2.067570924758911,0.75910364145658
2.068042039871216,0.7600373482726398
2.068716049194336,0.7611577964519115
2.069373846054077,0.7620915032679713
2.0702898502349854,0.763025210084031
2.0722432136535645,0.7641456582633027
2.0734009742736816,0.7650793650793625
2.0738070011138916,0.7660130718954222
2.0740749835968018,0.7671335200746939
2.0745739936828613,0.7680672268907537
2.0749151706695557,0.7690009337068134
2.075044870376587,0.7701213818860851
2.075118064880371,0.7710550887021449
2.0752909183502197,0.7721755368814166
2.075406074523926,0.7731092436974764
2.075547933578491,0.7740429505135361
2.075673818588257,0.7751633986928078
2.0757789611816406,0.7760971055088676
2.075853109359741,0.7770308123249273
2.0759670734405518,0.778151260504199
2.07608699798584,0.7790849673202588
2.0762879848480225,0.7800186741363185
2.07656192779541,0.7811391223155902
2.076658010482788,0.78207282913165
2.0768020153045654,0.7830065359477097
2.0770339965820312,0.7841269841269815
2.077092170715332,0.7850606909430412
2.077246904373169,0.7861811391223129
2.0772979259490967,0.7871148459383727
2.077359914779663,0.7880485527544324
2.077489137649536,0.7891690009337041
2.07778000831604,0.7901027077497639
2.0778720378875732,0.7910364145658236
2.078322172164917,0.7921568627450953
2.078563928604126,0.7930905695611551
2.078824996948242,0.7940242763772148
2.078946828842163,0.7951447245564865
2.079080104827881,0.7960784313725463
2.079235076904297,0.7970121381886061
2.0797948837280273,0.7981325863678778
2.079939126968384,0.7990662931839375
2.080137014389038,0.8001867413632092
2.0804710388183594,0.801120448179269
2.080672025680542,0.8020541549953287
2.0809619426727295,0.8031746031746004
2.0810790061950684,0.8041083099906602
2.0811519622802734,0.8050420168067199
2.0814149379730225,0.8061624649859916
2.081674098968506,0.8070961718020514
2.081934928894043,0.8080298786181112
2.082350969314575,0.8091503267973829
2.082706928253174,0.8100840336134426
2.082970142364502,0.8110177404295024
2.083204984664917,0.8121381886087741
2.08355712890625,0.8130718954248338
2.0838539600372314,0.8140056022408936
2.084049940109253,0.8151260504201653
2.084810972213745,0.816059757236225
2.085000991821289,0.8171802054154967
2.0852980613708496,0.8181139122315565
2.085831880569458,0.8190476190476162
2.086883068084717,0.820168067226888
2.0879549980163574,0.8211017740429477
2.0887019634246826,0.8220354808590075
2.090045928955078,0.8231559290382792
2.0909931659698486,0.8240896358543389
2.09259295463562,0.8250233426703987
2.0934720039367676,0.8261437908496704
2.095041036605835,0.8270774976657301
2.0968480110168457,0.8280112044817899
2.10095477104187,0.8291316526610616
2.1069860458374023,0.8300653594771213
2.1098790168762207,0.831185807656393
2.1124789714813232,0.8321195144724528
2.117276191711426,0.8330532212885126
2.1226720809936523,0.8341736694677843
2.124917984008789,0.835107376283844
2.1279070377349854,0.8360410830999038
2.131635904312134,0.8371615312791755
2.1337521076202393,0.8380952380952352
2.135256052017212,0.839028944911295
2.1379940509796143,0.8401493930905667
2.1395840644836426,0.8410830999066264
2.1424520015716553,0.8420168067226862
2.1463749408721924,0.8431372549019579
2.149174928665161,0.8440709617180177
2.152139902114868,0.8450046685340774
2.156054973602295,0.8461251167133491
2.158972978591919,0.8470588235294089
2.1618330478668213,0.8481792717086806
2.16276478767395,0.8491129785247403
2.1655490398406982,0.8500466853408001
2.170358896255493,0.8511671335200718
2.1727030277252197,0.8521008403361315
2.176119089126587,0.8530345471521913
2.18168306350708,0.854154995331463
2.18859601020813,0.8550887021475228
2.194115161895752,0.8560224089635825
2.201819896697998,0.8571428571428542
2.2048380374908447,0.858076563958914
2.209756851196289,0.8590102707749737
2.215955972671509,0.8601307189542454
2.2187349796295166,0.8610644257703052
2.227043867111206,0.8621848739495769
2.2298319339752197,0.8631185807656366
2.2330210208892822,0.8640522875816964
2.238041877746582,0.8651727357609681
2.2418460845947266,0.8661064425770278
2.2477219104766846,0.8670401493930876
2.2570810317993164,0.8681605975723593
2.2611749172210693,0.8690943043884191
2.2638440132141113,0.8700280112044788
2.2664430141448975,0.8711484593837505
2.2724931240081787,0.8720821661998103
2.2777669429779053,0.87301587301587
2.2865421772003174,0.8741363211951417
2.2919399738311768,0.8750700280112015
2.2945518493652344,0.8760037348272612
2.2987589836120605,0.8771241830065329
2.3050050735473633,0.8780578898225927
2.3126847743988037,0.8791783380018644
2.317547082901001,0.8801120448179242
2.3237879276275635,0.8810457516339839
2.325978994369507,0.8821661998132556
2.329991102218628,0.8830999066293154
2.335028886795044,0.8840336134453751
2.3388900756835938,0.8851540616246468
2.3440749645233154,0.8860877684407066
2.3470687866210938,0.8870214752567663
2.35076904296875,0.888141923436038
2.3547229766845703,0.8890756302520978
2.35691499710083,0.8900093370681575
2.3626060485839844,0.8911297852474293
2.3676109313964844,0.892063492063489
2.3740670680999756,0.8931839402427607
2.3776469230651855,0.8941176470588205
2.386234998703003,0.8950513538748802
2.396289110183716,0.8961718020541519
2.4066929817199707,0.8971055088702117
2.4145920276641846,0.8980392156862714
2.4365200996398926,0.8991596638655431
2.4479079246520996,0.9000933706816029
2.464219093322754,0.9010270774976626
2.482412099838257,0.9021475256769343
2.519667148590088,0.9030812324929941
2.5695669651031494,0.9040149393090539
2.5927388668060303,0.9051353874883256
2.614084005355835,0.9060690943043853
2.642630100250244,0.9070028011204451
2.682417869567871,0.9081232492997168
2.731995105743408,0.9090569561157765
2.7562758922576904,0.9101774042950482
2.7802340984344482,0.911111111111108
2.813175916671753,0.9120448179271677
2.8513600826263428,0.9131652661064394
2.8751420974731445,0.9140989729224992
2.9070260524749756,0.915032679738559
2.962307929992676,0.9161531279178307
3.009990930557251,0.9170868347338904
3.0705459117889404,0.9180205415499502
3.241731882095337,0.9191409897292219
3.3159239292144775,0.9200746965452816
3.426367998123169,0.9210084033613414
3.5215001106262207,0.9221288515406131
3.677323818206787,0.9230625583566728
3.8713889122009277,0.9241830065359445
3.994699001312256,0.9251167133520043
4.12873387336731,0.926050420168064
4.149451971054077,0.9271708683473358
4.156714916229248,0.9281045751633955
4.163233995437622,0.9290382819794553
4.167344093322754,0.930158730158727
4.181830883026123,0.9310924369747867
4.216569900512695,0.9320261437908465
4.232361078262329,0.9331465919701182
4.271199941635132,0.9340802987861779
4.307955026626587,0.9350140056022377
4.335195064544678,0.9361344537815094
4.426070213317871,0.9370681605975691
4.453459024429321,0.9380018674136289
4.578962087631226,0.9391223155929006
4.796756982803345,0.9400560224089604
5.006678104400635,0.9411764705882321
5.217926979064941,0.9421101774042918
5.448575019836426,0.9430438842203516
5.671288013458252,0.9441643323996233
5.933835983276367,0.945098039215683
6.150277853012085,0.9460317460317428
6.1742517948150635,0.9471521942110145
6.470990180969238,0.9480859010270742
6.946868896484375,0.949019607843134
7.272470951080322,0.9501400560224057
7.537308931350708,0.9510737628384655
7.9602320194244385,0.9520074696545252
8.237417936325073,0.9531279178337969
8.248984098434448,0.9540616246498567
8.292042016983032,0.9551820728291284
8.37049388885498,0.9561157796451881
8.51098108291626,0.9570494864612479
8.655964136123657,0.9581699346405196
8.781407117843628,0.9591036414565793
8.961530208587646,0.9600373482726391
9.069391965866089,0.9611577964519108
9.075406074523926,0.9620915032679705
9.076164960861206,0.9630252100840303
9.076984882354736,0.964145658263302
9.077379941940308,0.9650793650793618
9.084666013717651,0.9660130718954215
9.123096942901611,0.9671335200746932
9.191756963729858,0.968067226890753
9.282882928848267,0.9690009337068127
9.698312997817993,0.9701213818860844
10.011276960372925,0.9710550887021442
10.320832014083862,0.9721755368814159
10.347023010253906,0.9731092436974756
10.423583984375,0.9740429505135354
10.737022876739502,0.9751633986928071
10.921432971954346,0.9760971055088669
11.159008026123047,0.9770308123249266
11.385629177093506,0.9781512605041983
11.6993989944458,0.9790849673202581
12.214280843734741,0.9800186741363178
12.415096998214722,0.9811391223155895
12.44157600402832,0.9820728291316493
12.532481908798218,0.983006535947709
12.647247076034546,0.9841269841269807
12.915886163711548,0.9850606909430405
13.462419033050537,0.9861811391223122
13.686460971832275,0.987114845938372
14.206557035446167,0.9880485527544317
14.963206052780151,0.9891690009337034
15.938235998153687,0.9901027077497632
16.315139055252075,0.9910364145658229
16.654245138168335,0.9921568627450946
17.677234888076782,0.9930905695611544
18.149999141693115,0.9940242763772141
18.175113916397095,0.9951447245564858
18.275403022766113,0.9960784313725456
18.56868314743042,0.9970121381886053
18.672041177749634,0.998132586367877
18.95231294631958,0.9990662931839368
